CustomerID,SignupDate,LastPurchaseDate,CampaignSentDate,ReceivedCampaign,PurchaseAfterCampaign,Revenue,Region,CampaignType,ProductCategory
CUST_JUNE_0001,11-03-2023,01-08-2023,,0,0,9.51,East,Discount Email,Books
CUST_JUNE_0002,04-05-2024,04-05-2024,01-06-2024,1,0,5.95,South,Discount Email,Electronics
CUST_JUNE_0003,02-11-2022,30-03-2023,01-06-2024,1,1,163.61,East,Discount Email,Books
CUST_JUNE_0004,22-09-2023,29-04-2024,01-06-2024,1,1,415.23,North,Loyalty Offer,Home Decor
CUST_JUNE_0005,06-10-2023,18-10-2023,,0,0,14.32,East,Reactivation SMS,Groceries
CUST_JUNE_0006,18-09-2023,19-12-2023,01-06-2024,1,1,227.12,West,Discount Email,Electronics
CUST_JUNE_0007,10-07-2022,17-03-2023,01-06-2024,1,1,225.79,North,Reactivation SMS,Home Decor
CUST_JUNE_0008,10-10-2022,15-02-2024,01-06-2024,1,1,429.51,South,Discount Email,Fashion
CUST_JUNE_0009,14-01-2023,15-11-2023,,0,0,13.87,East,Loyalty Offer,Groceries
CUST_JUNE_0010,12-10-2022,03-04-2024,01-06-2024,1,1,24.15,West,Loyalty Offer,Fashion
CUST_JUNE_0011,18-01-2023,21-03-2024,01-06-2024,1,1,433.93,North,Loyalty Offer,Groceries
CUST_JUNE_0012,28-08-2023,13-02-2024,01-06-2024,1,1,315.76,West,Reactivation SMS,Fashion
CUST_JUNE_0013,04-05-2023,17-12-2023,01-06-2024,1,1,408.14,West,Loyalty Offer,Electronics
CUST_JUNE_0014,09-10-2022,12-05-2023,,0,0,13.91,North,Loyalty Offer,Electronics
CUST_JUNE_0015,18-03-2024,13-04-2024,01-06-2024,1,1,293.34,South,Discount Email,Electronics
CUST_JUNE_0016,26-06-2022,08-01-2023,01-06-2024,1,1,479.86,West,Discount Email,Electronics
CUST_JUNE_0017,30-01-2023,27-12-2023,01-06-2024,1,1,307.37,North,Loyalty Offer,Home Decor
CUST_JUNE_0018,07-09-2022,04-12-2023,01-06-2024,1,1,494.35,West,Reactivation SMS,Books
CUST_JUNE_0019,13-02-2024,15-04-2024,01-06-2024,1,1,374.75,West,Loyalty Offer,Electronics
CUST_JUNE_0020,07-03-2023,13-10-2023,01-06-2024,1,0,13.69,North,Reactivation SMS,Books
CUST_JUNE_0021,07-11-2022,25-01-2023,01-06-2024,1,1,270.97,North,Loyalty Offer,Books
CUST_JUNE_0022,09-03-2023,05-08-2023,01-06-2024,1,0,8.91,North,Loyalty Offer,Fashion
CUST_JUNE_0023,19-05-2023,22-02-2024,01-06-2024,1,1,318.04,South,Reactivation SMS,Books
CUST_JUNE_0024,25-08-2023,20-09-2023,,0,0,8.02,East,Reactivation SMS,Fashion
CUST_JUNE_0025,17-04-2023,31-12-2023,01-06-2024,1,1,426.21,North,Discount Email,Fashion
CUST_JUNE_0026,29-05-2022,20-08-2023,01-06-2024,1,0,12.12,West,Loyalty Offer,Groceries
CUST_JUNE_0027,19-03-2023,30-10-2023,01-06-2024,1,1,98.06,East,Reactivation SMS,Home Decor
CUST_JUNE_0028,21-04-2024,23-04-2024,01-06-2024,1,1,249.55,North,Discount Email,Home Decor
CUST_JUNE_0029,05-10-2022,06-04-2023,01-06-2024,1,1,84.75,South,Reactivation SMS,Groceries
CUST_JUNE_0030,12-12-2023,22-02-2024,01-06-2024,1,0,10.41,West,Discount Email,Home Decor
CUST_JUNE_0031,04-04-2023,06-04-2023,01-06-2024,1,1,98.35,East,Discount Email,Fashion
CUST_JUNE_0032,13-10-2023,10-01-2024,,0,0,9.96,North,Discount Email,Home Decor
CUST_JUNE_0033,08-02-2024,20-02-2024,01-06-2024,1,1,55.54,North,Reactivation SMS,Fashion
CUST_JUNE_0034,04-03-2024,25-03-2024,01-06-2024,1,1,41.79,West,Discount Email,Home Decor
CUST_JUNE_0035,28-01-2023,06-06-2023,01-06-2024,1,0,35.84,East,Reactivation SMS,Electronics
CUST_JUNE_0036,25-04-2024,26-04-2024,01-06-2024,1,0,382.74,West,Discount Email,Groceries
CUST_JUNE_0037,04-09-2023,07-09-2023,01-06-2024,1,0,223.9,West,Loyalty Offer,Books
CUST_JUNE_0038,26-03-2023,04-07-2023,01-06-2024,1,0,27.04,North,Loyalty Offer,Groceries
CUST_JUNE_0039,07-08-2023,18-08-2023,01-06-2024,1,0,499.65,North,Loyalty Offer,Electronics
CUST_JUNE_0040,10-02-2024,05-04-2024,01-06-2024,1,0,163,South,Reactivation SMS,Books
CUST_JUNE_0041,10-01-2023,27-06-2023,01-06-2024,1,1,323.21,West,Discount Email,Home Decor
CUST_JUNE_0042,28-06-2022,10-04-2024,01-06-2024,1,0,8.9,East,Loyalty Offer,Books
CUST_JUNE_0043,30-04-2024,30-04-2024,01-06-2024,1,1,324.71,East,Loyalty Offer,Fashion
CUST_JUNE_0044,02-07-2023,30-03-2024,01-06-2024,1,1,45.64,South,Reactivation SMS,Home Decor
CUST_JUNE_0045,03-08-2023,11-12-2023,01-06-2024,1,1,137.26,West,Reactivation SMS,Home Decor
CUST_JUNE_0046,04-04-2023,10-10-2023,01-06-2024,1,1,497.92,North,Discount Email,Groceries
CUST_JUNE_0047,30-04-2024,30-04-2024,01-06-2024,1,1,168.97,West,Reactivation SMS,Books
CUST_JUNE_0048,03-07-2022,09-10-2023,01-06-2024,1,1,335.67,North,Reactivation SMS,Books
CUST_JUNE_0049,28-02-2024,16-03-2024,01-06-2024,1,1,223.3,South,Reactivation SMS,Fashion
CUST_JUNE_0050,07-12-2023,28-03-2024,01-06-2024,1,0,12.37,North,Loyalty Offer,Fashion
CUST_JUNE_0051,08-04-2023,03-03-2024,01-06-2024,1,1,70.3,North,Loyalty Offer,Groceries
CUST_JUNE_0052,03-04-2023,30-05-2023,01-06-2024,1,0,13.14,North,Loyalty Offer,Electronics
CUST_JUNE_0053,27-04-2023,28-11-2023,,0,0,13.48,North,Reactivation SMS,Books
CUST_JUNE_0054,10-03-2023,24-10-2023,01-06-2024,1,1,305.41,North,Loyalty Offer,Home Decor
CUST_JUNE_0055,03-01-2024,21-03-2024,01-06-2024,1,0,6.13,West,Loyalty Offer,Home Decor
CUST_JUNE_0056,18-03-2023,31-05-2023,01-06-2024,1,1,99.54,North,Discount Email,Electronics
CUST_JUNE_0057,21-05-2023,13-03-2024,01-06-2024,1,1,345.62,East,Discount Email,Groceries
CUST_JUNE_0058,02-07-2023,13-03-2024,01-06-2024,1,0,137.28,South,Reactivation SMS,Electronics
CUST_JUNE_0059,04-08-2022,29-11-2022,01-06-2024,1,0,281.8,South,Loyalty Offer,Electronics
CUST_JUNE_0060,04-05-2023,03-01-2024,01-06-2024,1,0,361.71,South,Loyalty Offer,Books
CUST_JUNE_0061,18-05-2022,01-10-2023,01-06-2024,1,0,311.66,North,Reactivation SMS,Groceries
CUST_JUNE_0062,31-08-2022,13-01-2024,01-06-2024,1,0,132.58,North,Loyalty Offer,Groceries
CUST_JUNE_0063,31-12-2023,08-04-2024,01-06-2024,1,0,247.52,South,Discount Email,Home Decor
CUST_JUNE_0064,16-07-2023,16-02-2024,01-06-2024,1,0,371.11,West,Loyalty Offer,Home Decor
CUST_JUNE_0065,03-07-2023,02-08-2023,01-06-2024,1,1,460.95,South,Discount Email,Groceries
CUST_JUNE_0066,27-11-2023,20-04-2024,01-06-2024,1,1,449.32,North,Loyalty Offer,Electronics
CUST_JUNE_0067,30-07-2022,05-04-2024,01-06-2024,1,1,25.45,West,Discount Email,Groceries
CUST_JUNE_0068,27-09-2023,13-12-2023,,0,0,14.37,North,Discount Email,Electronics
CUST_JUNE_0069,22-03-2024,28-03-2024,,0,0,13.33,West,Discount Email,Electronics
CUST_JUNE_0070,24-02-2024,24-03-2024,,0,0,10.1,North,Loyalty Offer,Home Decor
CUST_JUNE_0071,24-02-2024,15-03-2024,01-06-2024,1,1,324.35,West,Reactivation SMS,Fashion
CUST_JUNE_0072,10-04-2023,21-05-2023,,0,0,10.58,South,Loyalty Offer,Home Decor
CUST_JUNE_0073,30-01-2023,31-05-2023,01-06-2024,1,1,481.35,West,Discount Email,Fashion
CUST_JUNE_0074,21-04-2024,30-04-2024,,0,0,9.98,South,Discount Email,Home Decor
CUST_JUNE_0075,16-09-2022,20-03-2024,01-06-2024,1,1,373.18,North,Discount Email,Books
CUST_JUNE_0076,29-01-2023,10-01-2024,01-06-2024,1,1,268.63,North,Reactivation SMS,Groceries
CUST_JUNE_0077,10-08-2022,27-12-2022,01-06-2024,1,1,379.02,South,Reactivation SMS,Groceries
CUST_JUNE_0078,09-01-2023,20-05-2023,01-06-2024,1,0,14.01,West,Discount Email,Fashion
CUST_JUNE_0079,04-06-2023,25-01-2024,01-06-2024,1,1,181.49,South,Loyalty Offer,Books
CUST_JUNE_0080,21-12-2022,06-02-2023,01-06-2024,1,1,422.49,North,Reactivation SMS,Groceries
CUST_JUNE_0081,23-10-2023,06-11-2023,,0,0,5.15,East,Discount Email,Fashion
CUST_JUNE_0082,11-05-2024,11-05-2024,01-06-2024,1,1,267.48,West,Reactivation SMS,Electronics
CUST_JUNE_0083,22-08-2023,10-04-2024,01-06-2024,1,0,6.25,North,Discount Email,Fashion
CUST_JUNE_0084,27-12-2022,22-03-2023,01-06-2024,1,1,321.38,West,Loyalty Offer,Home Decor
CUST_JUNE_0085,30-04-2023,27-04-2024,,0,0,10.9,South,Reactivation SMS,Home Decor
CUST_JUNE_0086,21-12-2022,02-04-2024,,0,0,7.23,North,Loyalty Offer,Groceries
CUST_JUNE_0087,12-04-2023,22-01-2024,01-06-2024,1,1,74.52,East,Reactivation SMS,Electronics
CUST_JUNE_0088,26-10-2023,24-04-2024,,0,0,7.29,North,Discount Email,Electronics
CUST_JUNE_0089,30-11-2022,26-10-2023,,0,0,11,South,Loyalty Offer,Electronics
CUST_JUNE_0090,08-03-2024,12-04-2024,01-06-2024,1,1,425.31,South,Reactivation SMS,Electronics
CUST_JUNE_0091,21-07-2023,19-12-2023,01-06-2024,1,1,189.53,East,Reactivation SMS,Fashion
CUST_JUNE_0092,04-03-2024,02-04-2024,01-06-2024,1,1,314.75,North,Loyalty Offer,Fashion
CUST_JUNE_0093,15-06-2022,03-10-2023,,0,0,8.16,West,Loyalty Offer,Fashion
CUST_JUNE_0094,02-08-2023,12-09-2023,,0,0,5.19,South,Loyalty Offer,Electronics
CUST_JUNE_0095,23-08-2022,12-12-2022,,0,0,9.63,North,Loyalty Offer,Home Decor
CUST_JUNE_0096,16-05-2023,19-03-2024,01-06-2024,1,1,279.89,East,Discount Email,Books
CUST_JUNE_0097,07-03-2024,10-04-2024,,0,0,7.34,South,Discount Email,Electronics
CUST_JUNE_0098,15-02-2023,24-07-2023,01-06-2024,1,1,141.21,East,Loyalty Offer,Electronics
CUST_JUNE_0099,03-04-2023,06-01-2024,01-06-2024,1,1,141.59,North,Reactivation SMS,Electronics
CUST_JUNE_0100,12-11-2022,19-01-2024,01-06-2024,1,0,11.75,South,Loyalty Offer,Groceries
CUST_JUNE_0101,02-09-2022,20-12-2022,,0,0,7.28,East,Discount Email,Home Decor
CUST_JUNE_0102,21-09-2022,24-08-2023,01-06-2024,1,1,75.1,West,Discount Email,Fashion
CUST_JUNE_0103,28-06-2023,29-10-2023,01-06-2024,1,0,11.29,East,Discount Email,Electronics
CUST_JUNE_0104,29-01-2024,02-03-2024,01-06-2024,1,1,193.6,North,Loyalty Offer,Home Decor
CUST_JUNE_0105,10-08-2023,31-08-2023,,0,0,8.68,East,Reactivation SMS,Home Decor
CUST_JUNE_0106,15-02-2024,20-02-2024,,0,0,5.25,South,Discount Email,Fashion
CUST_JUNE_0107,04-08-2023,28-02-2024,,0,0,14.55,West,Loyalty Offer,Groceries
CUST_JUNE_0108,12-08-2022,09-11-2023,,0,0,6.49,East,Discount Email,Books
CUST_JUNE_0109,09-02-2024,17-03-2024,01-06-2024,1,1,60.98,East,Discount Email,Books
CUST_JUNE_0110,29-06-2023,11-10-2023,,0,0,12.15,East,Discount Email,Groceries
CUST_JUNE_0111,09-10-2022,19-01-2023,01-06-2024,1,1,470.29,North,Discount Email,Fashion
CUST_JUNE_0112,08-08-2022,05-03-2023,01-06-2024,1,1,70.15,West,Reactivation SMS,Electronics
CUST_JUNE_0113,10-12-2023,26-04-2024,01-06-2024,1,1,293.05,South,Discount Email,Electronics
CUST_JUNE_0114,22-11-2023,30-11-2023,01-06-2024,1,1,398.63,South,Loyalty Offer,Books
CUST_JUNE_0115,06-01-2024,12-02-2024,01-06-2024,1,0,13.51,West,Discount Email,Electronics
CUST_JUNE_0116,29-10-2022,24-06-2023,01-06-2024,1,1,80.16,North,Discount Email,Books
CUST_JUNE_0117,06-01-2024,09-03-2024,01-06-2024,1,0,353.58,North,Loyalty Offer,Fashion
CUST_JUNE_0118,17-06-2022,04-03-2024,01-06-2024,1,0,433.92,South,Reactivation SMS,Groceries
CUST_JUNE_0119,25-05-2022,30-11-2022,01-06-2024,1,0,396.62,South,Reactivation SMS,Home Decor
CUST_JUNE_0120,23-03-2024,24-03-2024,01-06-2024,1,0,5.24,South,Reactivation SMS,Electronics
CUST_JUNE_0121,19-07-2022,25-12-2023,01-06-2024,1,1,301.02,North,Reactivation SMS,Fashion
CUST_JUNE_0122,17-10-2023,18-10-2023,01-06-2024,1,1,283.82,South,Loyalty Offer,Home Decor
CUST_JUNE_0123,02-03-2023,27-10-2023,,0,0,11.63,West,Discount Email,Groceries
CUST_JUNE_0124,07-02-2024,03-03-2024,,0,0,11.27,South,Reactivation SMS,Electronics
CUST_JUNE_0125,26-05-2022,28-06-2022,,0,0,15,South,Discount Email,Groceries
CUST_JUNE_0126,03-07-2023,18-10-2023,01-06-2024,1,1,310.73,North,Discount Email,Books
CUST_JUNE_0127,26-06-2022,22-01-2024,01-06-2024,1,1,215.6,North,Discount Email,Home Decor
CUST_JUNE_0128,25-09-2022,22-01-2023,01-06-2024,1,1,134.38,North,Loyalty Offer,Books
CUST_JUNE_0129,03-02-2024,28-04-2024,01-06-2024,1,1,239.76,North,Loyalty Offer,Books
CUST_JUNE_0130,22-11-2023,23-11-2023,01-06-2024,1,1,443.63,East,Discount Email,Home Decor
CUST_JUNE_0131,01-09-2022,08-07-2023,,0,0,13.38,West,Loyalty Offer,Electronics
CUST_JUNE_0132,08-05-2023,04-10-2023,01-06-2024,1,1,372.87,South,Reactivation SMS,Home Decor
CUST_JUNE_0133,18-05-2022,22-09-2023,01-06-2024,1,1,471.65,West,Loyalty Offer,Home Decor
CUST_JUNE_0134,06-11-2022,17-11-2023,01-06-2024,1,1,370.52,East,Reactivation SMS,Books
CUST_JUNE_0135,24-01-2023,22-08-2023,01-06-2024,1,0,12.96,North,Discount Email,Groceries
CUST_JUNE_0136,09-01-2024,23-04-2024,01-06-2024,1,1,279.96,North,Reactivation SMS,Home Decor
CUST_JUNE_0137,04-08-2022,08-08-2023,01-06-2024,1,1,260.65,West,Loyalty Offer,Home Decor
CUST_JUNE_0138,22-03-2023,13-01-2024,01-06-2024,1,1,36.66,East,Reactivation SMS,Electronics
CUST_JUNE_0139,21-11-2023,30-04-2024,01-06-2024,1,1,448.06,West,Loyalty Offer,Fashion
CUST_JUNE_0140,19-08-2022,03-09-2023,01-06-2024,1,1,261.55,North,Discount Email,Electronics
CUST_JUNE_0141,31-07-2022,25-02-2023,,0,0,13.84,North,Discount Email,Groceries
CUST_JUNE_0142,09-12-2023,24-12-2023,01-06-2024,1,1,203.93,South,Reactivation SMS,Fashion
CUST_JUNE_0143,07-06-2022,12-11-2023,01-06-2024,1,1,157.13,North,Reactivation SMS,Fashion
CUST_JUNE_0144,28-01-2023,11-03-2024,01-06-2024,1,1,64.07,East,Loyalty Offer,Home Decor
CUST_JUNE_0145,18-12-2022,13-02-2024,01-06-2024,1,1,358.58,South,Discount Email,Electronics
CUST_JUNE_0146,08-01-2023,11-03-2023,01-06-2024,1,1,200.66,West,Reactivation SMS,Groceries
CUST_JUNE_0147,25-01-2024,10-02-2024,,0,0,13.61,East,Loyalty Offer,Home Decor
CUST_JUNE_0148,12-02-2024,28-02-2024,,0,0,9.01,East,Loyalty Offer,Home Decor
CUST_JUNE_0149,30-08-2022,17-12-2022,01-06-2024,1,0,162.15,North,Loyalty Offer,Books
CUST_JUNE_0150,08-12-2022,04-02-2023,01-06-2024,1,0,357.79,South,Discount Email,Electronics
CUST_JUNE_0151,15-09-2023,08-10-2023,01-06-2024,1,0,396.39,South,Loyalty Offer,Books
CUST_JUNE_0152,03-10-2023,12-10-2023,01-06-2024,1,1,271.08,North,Loyalty Offer,Electronics
CUST_JUNE_0153,27-09-2022,20-08-2023,01-06-2024,1,0,11.36,East,Discount Email,Home Decor
CUST_JUNE_0154,25-05-2023,26-06-2023,01-06-2024,1,1,298.95,North,Reactivation SMS,Books
CUST_JUNE_0155,05-01-2023,16-07-2023,01-06-2024,1,0,5.47,South,Loyalty Offer,Groceries
CUST_JUNE_0156,10-06-2022,06-10-2022,01-06-2024,1,1,390.64,North,Reactivation SMS,Electronics
CUST_JUNE_0157,27-07-2023,06-11-2023,01-06-2024,1,1,170.45,East,Reactivation SMS,Home Decor
CUST_JUNE_0158,28-04-2023,05-12-2023,01-06-2024,1,1,152.52,North,Discount Email,Groceries
CUST_JUNE_0159,09-12-2023,25-02-2024,01-06-2024,1,1,475.98,East,Loyalty Offer,Groceries
CUST_JUNE_0160,11-08-2022,25-08-2022,01-06-2024,1,1,390.38,West,Discount Email,Home Decor
CUST_JUNE_0161,03-04-2023,29-04-2023,,0,0,12.84,North,Discount Email,Home Decor
CUST_JUNE_0162,01-07-2022,26-06-2023,,0,0,9.9,West,Reactivation SMS,Groceries
CUST_JUNE_0163,23-12-2022,27-06-2023,01-06-2024,1,1,384.31,South,Loyalty Offer,Books
CUST_JUNE_0164,09-04-2023,29-07-2023,01-06-2024,1,0,7.53,East,Loyalty Offer,Home Decor
CUST_JUNE_0165,14-09-2023,04-04-2024,01-06-2024,1,0,105.45,East,Reactivation SMS,Electronics
CUST_JUNE_0166,20-11-2022,31-10-2023,01-06-2024,1,0,85.08,East,Discount Email,Fashion
CUST_JUNE_0167,15-03-2023,25-04-2024,01-06-2024,1,0,453.24,South,Loyalty Offer,Groceries
CUST_JUNE_0168,06-12-2022,17-06-2023,01-06-2024,1,0,144.8,North,Reactivation SMS,Groceries
CUST_JUNE_0169,19-03-2023,05-06-2023,01-06-2024,1,0,452.87,South,Loyalty Offer,Books
CUST_JUNE_0170,07-04-2024,13-04-2024,01-06-2024,1,0,273.55,South,Discount Email,Electronics
CUST_JUNE_0171,07-11-2022,03-11-2023,01-06-2024,1,1,303.89,East,Loyalty Offer,Electronics
CUST_JUNE_0172,07-04-2023,04-05-2023,01-06-2024,1,0,14.12,North,Loyalty Offer,Electronics
CUST_JUNE_0173,29-06-2022,09-01-2024,01-06-2024,1,1,280.2,North,Reactivation SMS,Home Decor
CUST_JUNE_0174,14-10-2022,21-10-2023,,0,0,14.5,West,Reactivation SMS,Home Decor
CUST_JUNE_0175,26-01-2023,10-09-2023,,0,0,13.3,East,Loyalty Offer,Home Decor
CUST_JUNE_0176,13-06-2022,22-11-2022,,0,0,13.62,East,Loyalty Offer,Fashion
CUST_JUNE_0177,14-05-2024,14-05-2024,,0,0,7.19,West,Discount Email,Books
CUST_JUNE_0178,26-09-2022,30-03-2024,01-06-2024,1,1,305.78,East,Reactivation SMS,Fashion
CUST_JUNE_0179,25-03-2024,15-04-2024,01-06-2024,1,1,440.7,South,Loyalty Offer,Groceries
CUST_JUNE_0180,18-03-2024,28-04-2024,01-06-2024,1,1,238.52,East,Discount Email,Electronics
CUST_JUNE_0181,06-12-2023,18-03-2024,01-06-2024,1,1,361.96,West,Loyalty Offer,Groceries
CUST_JUNE_0182,13-06-2023,22-10-2023,01-06-2024,1,1,371.53,East,Loyalty Offer,Fashion
CUST_JUNE_0183,14-10-2023,16-11-2023,01-06-2024,1,1,462.61,West,Reactivation SMS,Fashion
CUST_JUNE_0184,17-02-2024,21-04-2024,01-06-2024,1,1,361.72,South,Loyalty Offer,Groceries
CUST_JUNE_0185,26-06-2022,07-07-2022,01-06-2024,1,1,147.98,North,Discount Email,Books
CUST_JUNE_0186,13-12-2023,10-01-2024,01-06-2024,1,1,117.22,West,Reactivation SMS,Books
CUST_JUNE_0187,12-02-2024,07-04-2024,01-06-2024,1,0,9.1,West,Reactivation SMS,Fashion
CUST_JUNE_0188,14-03-2024,10-04-2024,01-06-2024,1,1,460.06,East,Discount Email,Electronics
CUST_JUNE_0189,02-03-2024,19-04-2024,01-06-2024,1,1,178.89,East,Discount Email,Electronics
CUST_JUNE_0190,03-04-2024,30-04-2024,,0,0,5.63,North,Discount Email,Books
CUST_JUNE_0191,10-02-2024,03-03-2024,,0,0,13.84,West,Discount Email,Groceries
CUST_JUNE_0192,13-12-2023,17-04-2024,01-06-2024,1,1,419.97,East,Loyalty Offer,Groceries
CUST_JUNE_0193,23-05-2023,08-11-2023,01-06-2024,1,0,13.05,West,Loyalty Offer,Electronics
CUST_JUNE_0194,25-03-2023,31-05-2023,01-06-2024,1,1,328.32,West,Reactivation SMS,Groceries
CUST_JUNE_0195,15-02-2023,14-05-2023,01-06-2024,1,1,174.8,East,Loyalty Offer,Books
CUST_JUNE_0196,09-05-2024,09-05-2024,01-06-2024,1,0,13.37,North,Discount Email,Fashion
CUST_JUNE_0197,06-09-2022,11-12-2022,01-06-2024,1,0,6.32,West,Reactivation SMS,Home Decor
CUST_JUNE_0198,31-05-2022,26-08-2022,01-06-2024,1,1,45.5,East,Discount Email,Home Decor
CUST_JUNE_0199,04-06-2023,07-12-2023,01-06-2024,1,1,328.92,South,Loyalty Offer,Electronics
CUST_JUNE_0200,29-11-2023,25-12-2023,01-06-2024,1,1,159.42,West,Reactivation SMS,Books
CUST_JUNE_0201,20-12-2023,01-01-2024,01-06-2024,1,0,10.47,West,Loyalty Offer,Books
CUST_JUNE_0202,01-01-2024,16-02-2024,01-06-2024,1,0,5.72,South,Loyalty Offer,Fashion
CUST_JUNE_0203,15-01-2024,15-04-2024,01-06-2024,1,1,216.34,East,Reactivation SMS,Electronics
CUST_JUNE_0204,01-12-2022,19-01-2024,01-06-2024,1,1,300.48,East,Discount Email,Fashion
CUST_JUNE_0205,02-10-2022,05-04-2024,,0,0,14.81,South,Discount Email,Books
CUST_JUNE_0206,26-08-2023,12-04-2024,,0,0,7.6,East,Loyalty Offer,Electronics
CUST_JUNE_0207,06-03-2024,12-04-2024,,0,0,8.96,South,Reactivation SMS,Books
CUST_JUNE_0208,16-11-2022,19-07-2023,01-06-2024,1,0,482.71,East,Loyalty Offer,Groceries
CUST_JUNE_0209,01-05-2024,01-05-2024,01-06-2024,1,0,331.55,East,Loyalty Offer,Groceries
CUST_JUNE_0210,24-10-2023,25-10-2023,01-06-2024,1,0,134.76,West,Loyalty Offer,Fashion
CUST_JUNE_0211,23-09-2022,26-11-2023,01-06-2024,1,0,343.81,South,Discount Email,Fashion
CUST_JUNE_0212,07-11-2022,15-04-2024,01-06-2024,1,0,6.89,North,Discount Email,Fashion
CUST_JUNE_0213,19-09-2022,21-01-2023,01-06-2024,1,1,154.86,North,Loyalty Offer,Groceries
CUST_JUNE_0214,11-01-2023,07-07-2023,01-06-2024,1,0,14.91,North,Reactivation SMS,Books
CUST_JUNE_0215,15-03-2023,22-09-2023,01-06-2024,1,1,157.68,South,Discount Email,Home Decor
CUST_JUNE_0216,29-04-2024,30-04-2024,,0,0,6.37,West,Loyalty Offer,Groceries
CUST_JUNE_0217,13-06-2023,28-07-2023,,0,0,5.45,North,Reactivation SMS,Fashion
CUST_JUNE_0218,22-08-2022,28-01-2023,,0,0,5.87,West,Reactivation SMS,Books
CUST_JUNE_0219,26-10-2023,16-01-2024,,0,0,7.12,South,Loyalty Offer,Home Decor
CUST_JUNE_0220,24-09-2022,17-02-2023,01-06-2024,1,1,237.77,West,Discount Email,Groceries
CUST_JUNE_0221,10-03-2023,28-03-2023,01-06-2024,1,0,5.72,West,Reactivation SMS,Fashion
CUST_JUNE_0222,05-12-2023,26-02-2024,,0,0,7.06,West,Discount Email,Home Decor
CUST_JUNE_0223,12-11-2022,26-08-2023,,0,0,11.13,West,Discount Email,Books
CUST_JUNE_0224,12-02-2024,28-04-2024,,0,0,6.53,West,Discount Email,Home Decor
CUST_JUNE_0225,07-07-2023,25-07-2023,01-06-2024,1,1,358.42,East,Discount Email,Electronics
CUST_JUNE_0226,05-02-2024,18-02-2024,01-06-2024,1,1,105.13,East,Discount Email,Home Decor
CUST_JUNE_0227,02-11-2023,22-02-2024,01-06-2024,1,0,12.36,East,Reactivation SMS,Home Decor
CUST_JUNE_0228,17-09-2022,11-05-2023,01-06-2024,1,1,366.54,East,Reactivation SMS,Fashion
CUST_JUNE_0229,16-11-2022,09-08-2023,,0,0,6.75,North,Reactivation SMS,Groceries
CUST_JUNE_0230,23-06-2023,07-09-2023,,0,0,14.45,East,Loyalty Offer,Books
CUST_JUNE_0231,11-01-2023,16-04-2023,01-06-2024,1,0,160.04,North,Loyalty Offer,Fashion
CUST_JUNE_0232,12-05-2024,12-05-2024,01-06-2024,1,0,293.4,East,Loyalty Offer,Fashion
CUST_JUNE_0233,10-12-2023,02-04-2024,01-06-2024,1,0,478.53,East,Loyalty Offer,Groceries
CUST_JUNE_0234,29-11-2023,07-01-2024,01-06-2024,1,0,337.16,South,Discount Email,Electronics
CUST_JUNE_0235,25-04-2024,28-04-2024,01-06-2024,1,0,299.28,North,Discount Email,Electronics
CUST_JUNE_0236,03-06-2022,25-08-2022,01-06-2024,1,0,409.25,North,Reactivation SMS,Groceries
CUST_JUNE_0237,01-05-2023,15-09-2023,01-06-2024,1,0,6.35,North,Loyalty Offer,Books
CUST_JUNE_0238,18-03-2024,21-04-2024,01-06-2024,1,1,435.99,North,Loyalty Offer,Electronics
CUST_JUNE_0239,22-06-2023,07-01-2024,01-06-2024,1,1,224.32,East,Reactivation SMS,Books
CUST_JUNE_0240,10-03-2024,14-03-2024,,0,0,14.58,South,Loyalty Offer,Fashion
CUST_JUNE_0241,19-08-2022,24-09-2023,01-06-2024,1,0,14.24,East,Loyalty Offer,Home Decor
CUST_JUNE_0242,07-06-2022,08-05-2023,01-06-2024,1,1,78.24,West,Loyalty Offer,Books
CUST_JUNE_0243,08-12-2022,08-12-2023,,0,0,6.85,North,Reactivation SMS,Electronics
CUST_JUNE_0244,11-05-2023,18-08-2023,01-06-2024,1,1,112.36,South,Discount Email,Books
CUST_JUNE_0245,07-03-2024,18-04-2024,01-06-2024,1,1,155.36,South,Loyalty Offer,Fashion
CUST_JUNE_0246,30-05-2022,08-03-2023,01-06-2024,1,1,432.32,East,Discount Email,Home Decor
CUST_JUNE_0247,27-10-2022,26-11-2022,01-06-2024,1,1,300.83,East,Loyalty Offer,Home Decor
CUST_JUNE_0248,25-02-2024,28-03-2024,01-06-2024,1,0,12.66,West,Reactivation SMS,Electronics
CUST_JUNE_0249,19-01-2024,22-02-2024,01-06-2024,1,1,150.38,West,Loyalty Offer,Books
CUST_JUNE_0250,20-11-2022,18-02-2024,01-06-2024,1,1,484.3,East,Reactivation SMS,Groceries
CUST_JUNE_0251,29-09-2023,04-10-2023,01-06-2024,1,0,13.07,South,Discount Email,Electronics
CUST_JUNE_0252,19-04-2024,22-04-2024,01-06-2024,1,1,300.38,East,Loyalty Offer,Home Decor
CUST_JUNE_0253,08-03-2024,26-03-2024,01-06-2024,1,0,13.46,North,Loyalty Offer,Books
CUST_JUNE_0254,31-01-2024,25-02-2024,01-06-2024,1,1,298.36,South,Loyalty Offer,Home Decor
CUST_JUNE_0255,27-09-2023,10-11-2023,,0,0,5.95,South,Discount Email,Electronics
CUST_JUNE_0256,30-12-2023,07-04-2024,01-06-2024,1,0,6.08,West,Reactivation SMS,Groceries
CUST_JUNE_0257,28-12-2023,14-01-2024,01-06-2024,1,1,468.35,East,Discount Email,Books
CUST_JUNE_0258,22-07-2023,14-03-2024,01-06-2024,1,1,407.27,East,Loyalty Offer,Books
CUST_JUNE_0259,12-08-2022,03-10-2023,01-06-2024,1,1,294.66,West,Discount Email,Groceries
CUST_JUNE_0260,19-05-2023,18-12-2023,01-06-2024,1,1,367.79,North,Loyalty Offer,Electronics
CUST_JUNE_0261,30-11-2023,13-12-2023,,0,0,12.99,East,Discount Email,Electronics
CUST_JUNE_0262,05-07-2023,29-12-2023,,0,0,8.48,West,Reactivation SMS,Fashion
CUST_JUNE_0263,28-07-2023,06-04-2024,01-06-2024,1,0,7.17,South,Loyalty Offer,Groceries
CUST_JUNE_0264,11-09-2022,27-09-2022,01-06-2024,1,1,490.89,South,Loyalty Offer,Groceries
CUST_JUNE_0265,16-11-2023,28-03-2024,01-06-2024,1,0,11.82,East,Loyalty Offer,Books
CUST_JUNE_0266,17-03-2024,19-04-2024,01-06-2024,1,1,189.64,West,Loyalty Offer,Fashion
CUST_JUNE_0267,27-07-2023,25-09-2023,01-06-2024,1,1,104.74,North,Loyalty Offer,Groceries
CUST_JUNE_0268,06-05-2024,06-05-2024,01-06-2024,1,0,11.61,South,Discount Email,Fashion
CUST_JUNE_0269,21-08-2022,09-07-2023,01-06-2024,1,1,67.77,South,Discount Email,Groceries
CUST_JUNE_0270,19-10-2022,28-04-2023,,0,0,11.55,North,Discount Email,Books
CUST_JUNE_0271,01-10-2023,18-02-2024,,0,0,10.38,East,Reactivation SMS,Fashion
CUST_JUNE_0272,30-03-2023,30-11-2023,01-06-2024,1,0,65.46,North,Reactivation SMS,Electronics
CUST_JUNE_0273,16-06-2023,14-02-2024,01-06-2024,1,0,198.4,North,Reactivation SMS,Electronics
CUST_JUNE_0274,26-02-2024,11-04-2024,01-06-2024,1,0,135.68,North,Loyalty Offer,Electronics
CUST_JUNE_0275,12-02-2024,03-03-2024,01-06-2024,1,0,10.09,West,Reactivation SMS,Home Decor
CUST_JUNE_0276,18-08-2022,28-10-2022,01-06-2024,1,0,25.84,South,Discount Email,Home Decor
CUST_JUNE_0277,16-05-2024,16-05-2024,01-06-2024,1,0,386.11,South,Discount Email,Home Decor
CUST_JUNE_0278,13-06-2023,19-07-2023,01-06-2024,1,0,218.61,South,Discount Email,Books
CUST_JUNE_0279,17-06-2023,26-02-2024,01-06-2024,1,0,309.58,East,Discount Email,Books
CUST_JUNE_0280,11-08-2022,11-11-2023,01-06-2024,1,0,370.84,East,Reactivation SMS,Fashion
CUST_JUNE_0281,24-03-2024,30-03-2024,01-06-2024,1,1,59.81,South,Reactivation SMS,Electronics
CUST_JUNE_0282,11-11-2023,23-12-2023,01-06-2024,1,0,13.1,North,Discount Email,Groceries
CUST_JUNE_0283,06-11-2022,11-03-2024,01-06-2024,1,1,326.19,South,Discount Email,Books
CUST_JUNE_0284,24-05-2023,02-06-2023,01-06-2024,1,1,366.88,North,Reactivation SMS,Books
CUST_JUNE_0285,31-01-2024,01-04-2024,,0,0,7.09,East,Reactivation SMS,Groceries
CUST_JUNE_0286,04-02-2024,19-03-2024,,0,0,9.15,South,Reactivation SMS,Home Decor
CUST_JUNE_0287,22-09-2022,30-01-2023,,0,0,6.01,West,Discount Email,Fashion
CUST_JUNE_0288,19-06-2022,31-08-2022,,0,0,8.85,South,Loyalty Offer,Groceries
CUST_JUNE_0289,09-11-2023,25-01-2024,01-06-2024,1,1,142.27,South,Loyalty Offer,Fashion
CUST_JUNE_0290,15-11-2023,21-02-2024,01-06-2024,1,1,361.56,West,Loyalty Offer,Home Decor
CUST_JUNE_0291,31-05-2022,02-07-2022,01-06-2024,1,1,490.84,South,Loyalty Offer,Groceries
CUST_JUNE_0292,19-05-2023,02-07-2023,01-06-2024,1,1,358.43,West,Discount Email,Home Decor
CUST_JUNE_0293,22-08-2023,15-03-2024,01-06-2024,1,1,123.95,West,Loyalty Offer,Books
CUST_JUNE_0294,11-02-2023,30-03-2024,01-06-2024,1,1,247.75,East,Loyalty Offer,Books
CUST_JUNE_0295,25-02-2024,11-03-2024,01-06-2024,1,1,61.72,East,Reactivation SMS,Fashion
CUST_JUNE_0296,16-05-2023,07-10-2023,01-06-2024,1,1,83.33,South,Discount Email,Groceries
CUST_JUNE_0297,27-03-2024,03-04-2024,01-06-2024,1,1,86.27,North,Loyalty Offer,Home Decor
CUST_JUNE_0298,21-03-2024,08-04-2024,01-06-2024,1,1,62.57,South,Discount Email,Home Decor
CUST_JUNE_0299,27-09-2022,14-03-2024,,0,0,9.01,East,Loyalty Offer,Home Decor
CUST_JUNE_0300,11-09-2023,16-12-2023,01-06-2024,1,1,194.35,West,Reactivation SMS,Groceries
CUST_JUNE_0301,04-09-2022,05-08-2023,01-06-2024,1,1,262.71,North,Loyalty Offer,Electronics
CUST_JUNE_0302,18-11-2022,07-07-2023,01-06-2024,1,0,12.96,East,Discount Email,Fashion
CUST_JUNE_0303,26-11-2023,14-01-2024,,0,0,8.5,East,Reactivation SMS,Groceries
CUST_JUNE_0304,10-02-2024,24-04-2024,,0,0,12.37,West,Reactivation SMS,Fashion
CUST_JUNE_0305,25-09-2022,21-04-2024,01-06-2024,1,0,6.79,South,Loyalty Offer,Groceries
CUST_JUNE_0306,19-12-2022,17-03-2024,01-06-2024,1,1,217.2,North,Loyalty Offer,Home Decor
CUST_JUNE_0307,14-08-2022,23-10-2023,01-06-2024,1,0,7.79,West,Loyalty Offer,Books
CUST_JUNE_0308,13-01-2023,22-07-2023,01-06-2024,1,0,9.64,West,Discount Email,Groceries
CUST_JUNE_0309,19-02-2023,24-10-2023,01-06-2024,1,1,312.86,West,Discount Email,Books
CUST_JUNE_0310,16-03-2023,10-09-2023,01-06-2024,1,0,7.89,South,Reactivation SMS,Books
CUST_JUNE_0311,25-08-2023,18-03-2024,01-06-2024,1,0,9.75,West,Loyalty Offer,Books
CUST_JUNE_0312,09-10-2022,31-10-2023,01-06-2024,1,1,60.46,North,Reactivation SMS,Fashion
CUST_JUNE_0313,20-06-2023,26-09-2023,01-06-2024,1,1,377.77,West,Loyalty Offer,Fashion
CUST_JUNE_0314,27-09-2022,13-02-2023,01-06-2024,1,0,14.56,West,Reactivation SMS,Books
CUST_JUNE_0315,30-07-2022,22-11-2023,01-06-2024,1,1,373.15,West,Loyalty Offer,Home Decor
CUST_JUNE_0316,12-05-2024,12-05-2024,01-06-2024,1,1,113.68,North,Loyalty Offer,Electronics
CUST_JUNE_0317,11-10-2023,04-11-2023,01-06-2024,1,1,471.44,North,Reactivation SMS,Fashion
CUST_JUNE_0318,19-10-2023,22-03-2024,01-06-2024,1,1,464.21,North,Loyalty Offer,Books
CUST_JUNE_0319,20-12-2022,08-09-2023,01-06-2024,1,0,13.55,East,Discount Email,Electronics
CUST_JUNE_0320,29-04-2024,30-04-2024,01-06-2024,1,0,12.51,East,Reactivation SMS,Electronics
CUST_JUNE_0321,01-10-2022,29-12-2023,01-06-2024,1,1,155.76,West,Discount Email,Groceries
CUST_JUNE_0322,22-03-2023,07-07-2023,01-06-2024,1,1,246.78,West,Loyalty Offer,Home Decor
CUST_JUNE_0323,22-02-2023,16-01-2024,01-06-2024,1,1,478.37,West,Loyalty Offer,Home Decor
CUST_JUNE_0324,04-08-2022,26-10-2023,01-06-2024,1,0,10.86,North,Reactivation SMS,Books
CUST_JUNE_0325,29-03-2023,22-11-2023,01-06-2024,1,1,34.99,North,Reactivation SMS,Groceries
CUST_JUNE_0326,16-10-2023,04-11-2023,01-06-2024,1,1,27.41,East,Loyalty Offer,Home Decor
CUST_JUNE_0327,11-02-2023,22-01-2024,01-06-2024,1,1,245.38,South,Loyalty Offer,Electronics
CUST_JUNE_0328,08-05-2024,08-05-2024,01-06-2024,1,1,127.95,East,Discount Email,Groceries
CUST_JUNE_0329,26-07-2022,06-06-2023,01-06-2024,1,1,443.98,East,Loyalty Offer,Electronics
CUST_JUNE_0330,05-01-2024,09-03-2024,,0,0,8.77,North,Discount Email,Fashion
CUST_JUNE_0331,12-12-2023,08-01-2024,01-06-2024,1,1,54.74,North,Reactivation SMS,Home Decor
CUST_JUNE_0332,09-09-2022,17-04-2023,01-06-2024,1,0,10.63,East,Discount Email,Electronics
CUST_JUNE_0333,23-04-2024,28-04-2024,01-06-2024,1,1,346.26,West,Discount Email,Electronics
CUST_JUNE_0334,17-11-2022,30-06-2023,01-06-2024,1,0,13.94,West,Loyalty Offer,Groceries
CUST_JUNE_0335,02-12-2022,04-07-2023,01-06-2024,1,1,415.16,South,Loyalty Offer,Fashion
CUST_JUNE_0336,01-03-2023,17-07-2023,01-06-2024,1,0,11.08,South,Loyalty Offer,Fashion
CUST_JUNE_0337,18-10-2022,05-02-2023,01-06-2024,1,1,266.51,North,Loyalty Offer,Home Decor
CUST_JUNE_0338,16-01-2023,28-10-2023,,0,0,12.87,East,Loyalty Offer,Fashion
CUST_JUNE_0339,10-01-2024,30-01-2024,,0,0,14.09,East,Discount Email,Groceries
CUST_JUNE_0340,09-04-2024,14-04-2024,01-06-2024,1,1,427.48,North,Loyalty Offer,Electronics
CUST_JUNE_0341,24-02-2024,12-03-2024,01-06-2024,1,1,34.78,North,Reactivation SMS,Electronics
CUST_JUNE_0342,28-10-2023,21-02-2024,01-06-2024,1,1,250.87,West,Reactivation SMS,Books
CUST_JUNE_0343,21-12-2023,22-03-2024,01-06-2024,1,1,343.52,North,Discount Email,Home Decor
CUST_JUNE_0344,13-09-2022,19-05-2023,01-06-2024,1,1,437.71,East,Loyalty Offer,Fashion
CUST_JUNE_0345,05-06-2022,30-07-2023,01-06-2024,1,1,261.81,North,Loyalty Offer,Home Decor
CUST_JUNE_0346,19-08-2023,09-02-2024,01-06-2024,1,1,409.73,West,Reactivation SMS,Groceries
CUST_JUNE_0347,06-03-2023,16-03-2023,01-06-2024,1,1,495.48,North,Loyalty Offer,Home Decor
CUST_JUNE_0348,16-10-2023,19-12-2023,01-06-2024,1,1,456.97,East,Discount Email,Electronics
CUST_JUNE_0349,01-12-2022,07-03-2024,,0,0,11.83,South,Reactivation SMS,Home Decor
CUST_JUNE_0350,13-02-2024,28-02-2024,,0,0,7.28,South,Reactivation SMS,Groceries
CUST_JUNE_0351,22-12-2023,13-02-2024,01-06-2024,1,1,85.37,North,Loyalty Offer,Fashion
CUST_JUNE_0352,28-03-2023,28-12-2023,01-06-2024,1,1,347.87,South,Loyalty Offer,Fashion
CUST_JUNE_0353,14-05-2023,05-10-2023,01-06-2024,1,1,365.67,North,Reactivation SMS,Books
CUST_JUNE_0354,12-10-2023,01-03-2024,01-06-2024,1,1,30.77,West,Loyalty Offer,Groceries
CUST_JUNE_0355,13-06-2022,11-10-2023,01-06-2024,1,1,295.08,West,Loyalty Offer,Home Decor
CUST_JUNE_0356,23-01-2023,16-01-2024,01-06-2024,1,0,12.92,North,Discount Email,Home Decor
CUST_JUNE_0357,12-05-2023,26-08-2023,01-06-2024,1,1,133.48,West,Discount Email,Books
CUST_JUNE_0358,23-01-2024,02-04-2024,,0,0,8.55,North,Reactivation SMS,Home Decor
CUST_JUNE_0359,23-04-2024,26-04-2024,,0,0,13.45,South,Loyalty Offer,Groceries
CUST_JUNE_0360,30-12-2023,25-01-2024,,0,0,14.88,East,Loyalty Offer,Electronics
CUST_JUNE_0361,25-09-2023,09-01-2024,01-06-2024,1,1,290.61,North,Loyalty Offer,Home Decor
CUST_JUNE_0362,13-06-2023,18-02-2024,01-06-2024,1,0,7.71,East,Reactivation SMS,Fashion
CUST_JUNE_0363,30-03-2023,07-01-2024,01-06-2024,1,1,152.5,North,Reactivation SMS,Home Decor
CUST_JUNE_0364,18-11-2022,20-10-2023,01-06-2024,1,1,394.51,East,Discount Email,Electronics
CUST_JUNE_0365,29-09-2023,09-11-2023,01-06-2024,1,0,11.82,West,Discount Email,Books
CUST_JUNE_0366,14-09-2023,13-02-2024,01-06-2024,1,1,386.11,North,Discount Email,Books
CUST_JUNE_0367,06-09-2022,17-04-2024,01-06-2024,1,1,407.87,East,Reactivation SMS,Groceries
CUST_JUNE_0368,16-09-2022,07-12-2023,01-06-2024,1,1,426.93,West,Loyalty Offer,Groceries
CUST_JUNE_0369,09-06-2022,30-04-2023,01-06-2024,1,1,358.61,East,Reactivation SMS,Books
CUST_JUNE_0370,02-10-2022,15-08-2023,01-06-2024,1,0,7.51,West,Discount Email,Home Decor
CUST_JUNE_0371,24-02-2024,01-03-2024,01-06-2024,1,1,160.86,South,Loyalty Offer,Books
CUST_JUNE_0372,05-10-2023,30-10-2023,01-06-2024,1,0,9.62,South,Reactivation SMS,Groceries
CUST_JUNE_0373,21-11-2023,23-03-2024,01-06-2024,1,1,31.87,East,Loyalty Offer,Books
CUST_JUNE_0374,25-10-2023,11-04-2024,01-06-2024,1,1,308.94,East,Discount Email,Fashion
CUST_JUNE_0375,16-06-2023,01-09-2023,01-06-2024,1,0,7.46,North,Loyalty Offer,Books
CUST_JUNE_0376,02-07-2022,18-02-2023,01-06-2024,1,1,365.79,East,Loyalty Offer,Groceries
CUST_JUNE_0377,01-04-2023,22-07-2023,01-06-2024,1,1,470.8,West,Reactivation SMS,Groceries
CUST_JUNE_0378,18-10-2023,11-01-2024,01-06-2024,1,1,412.93,East,Discount Email,Electronics
CUST_JUNE_0379,20-05-2022,08-05-2023,01-06-2024,1,1,132.94,East,Reactivation SMS,Fashion
CUST_JUNE_0380,28-09-2023,18-12-2023,01-06-2024,1,1,91.59,East,Reactivation SMS,Fashion
CUST_JUNE_0381,29-10-2023,17-02-2024,,0,0,14.69,West,Loyalty Offer,Home Decor
CUST_JUNE_0382,25-07-2023,02-12-2023,,0,0,9.28,South,Loyalty Offer,Fashion
CUST_JUNE_0383,19-09-2023,21-11-2023,01-06-2024,1,1,375.63,West,Reactivation SMS,Books
CUST_JUNE_0384,16-06-2022,11-08-2023,01-06-2024,1,1,109.45,North,Discount Email,Fashion
CUST_JUNE_0385,29-04-2023,07-05-2023,01-06-2024,1,1,223.67,South,Loyalty Offer,Fashion
CUST_JUNE_0386,01-05-2024,01-05-2024,01-06-2024,1,1,170.25,West,Reactivation SMS,Electronics
CUST_JUNE_0387,11-01-2024,12-02-2024,01-06-2024,1,1,416.51,West,Loyalty Offer,Groceries
CUST_JUNE_0388,05-04-2024,14-04-2024,01-06-2024,1,0,7.8,West,Loyalty Offer,Groceries
CUST_JUNE_0389,01-09-2022,01-02-2024,01-06-2024,1,1,272.78,South,Loyalty Offer,Home Decor
CUST_JUNE_0390,19-09-2022,21-12-2023,01-06-2024,1,1,484.25,West,Discount Email,Books
CUST_JUNE_0391,01-06-2023,18-08-2023,,0,0,7.87,South,Reactivation SMS,Books
CUST_JUNE_0392,04-09-2023,03-03-2024,,0,0,9.9,South,Reactivation SMS,Home Decor
CUST_JUNE_0393,14-03-2023,01-04-2023,,0,0,10.21,North,Discount Email,Books
CUST_JUNE_0394,18-02-2024,27-04-2024,01-06-2024,1,1,370.69,West,Loyalty Offer,Fashion
CUST_JUNE_0395,10-03-2024,18-04-2024,01-06-2024,1,1,128.51,West,Loyalty Offer,Home Decor
CUST_JUNE_0396,30-04-2024,30-04-2024,01-06-2024,1,0,13.12,North,Reactivation SMS,Home Decor
CUST_JUNE_0397,23-11-2023,15-12-2023,01-06-2024,1,0,10.24,East,Reactivation SMS,Groceries
CUST_JUNE_0398,20-04-2024,29-04-2024,01-06-2024,1,1,290.02,North,Loyalty Offer,Electronics
CUST_JUNE_0399,22-09-2023,24-09-2023,01-06-2024,1,1,88.72,North,Discount Email,Books
CUST_JUNE_0400,04-05-2024,04-05-2024,01-06-2024,1,1,142.52,East,Reactivation SMS,Books
CUST_JUNE_0401,06-10-2022,20-11-2023,01-06-2024,1,1,79.54,North,Reactivation SMS,Electronics
CUST_JUNE_0402,15-05-2023,05-07-2023,01-06-2024,1,1,162.01,North,Discount Email,Electronics
CUST_JUNE_0403,20-03-2024,06-04-2024,,0,0,9.84,West,Loyalty Offer,Groceries
CUST_JUNE_0404,30-11-2022,30-09-2023,,0,0,6.8,East,Loyalty Offer,Home Decor
CUST_JUNE_0405,03-06-2023,27-01-2024,01-06-2024,1,1,406.37,West,Loyalty Offer,Electronics
CUST_JUNE_0406,24-11-2022,02-04-2024,,0,0,9.38,North,Discount Email,Fashion
CUST_JUNE_0407,08-11-2022,14-01-2023,,0,0,11.41,East,Loyalty Offer,Fashion
CUST_JUNE_0408,04-11-2022,08-06-2023,01-06-2024,1,1,142.95,West,Reactivation SMS,Groceries
CUST_JUNE_0409,22-02-2024,27-02-2024,,0,0,10.18,North,Reactivation SMS,Books
CUST_JUNE_0410,25-11-2023,13-03-2024,,0,0,13.38,East,Reactivation SMS,Groceries
CUST_JUNE_0411,05-08-2022,08-07-2023,01-06-2024,1,1,497.54,West,Reactivation SMS,Electronics
CUST_JUNE_0412,30-03-2023,02-05-2023,01-06-2024,1,1,498.89,West,Discount Email,Groceries
CUST_JUNE_0413,14-08-2022,02-03-2023,,0,0,13.83,North,Reactivation SMS,Electronics
CUST_JUNE_0414,03-11-2023,16-02-2024,,0,0,5.24,West,Loyalty Offer,Books
CUST_JUNE_0415,23-01-2023,01-12-2023,01-06-2024,1,1,187.13,West,Reactivation SMS,Electronics
CUST_JUNE_0416,15-04-2024,19-04-2024,01-06-2024,1,1,359.98,East,Reactivation SMS,Books
CUST_JUNE_0417,03-04-2024,28-04-2024,,0,0,5.52,South,Discount Email,Books
CUST_JUNE_0418,01-06-2022,14-04-2024,,0,0,9.86,South,Loyalty Offer,Home Decor
CUST_JUNE_0419,01-08-2022,28-03-2023,01-06-2024,1,1,51.73,West,Discount Email,Books
CUST_JUNE_0420,27-09-2023,01-02-2024,01-06-2024,1,1,94.13,East,Reactivation SMS,Fashion
CUST_JUNE_0421,08-08-2022,06-02-2024,01-06-2024,1,0,7.45,East,Reactivation SMS,Home Decor
CUST_JUNE_0422,07-01-2024,24-03-2024,01-06-2024,1,1,431.66,East,Reactivation SMS,Groceries
CUST_JUNE_0423,04-09-2023,07-12-2023,01-06-2024,1,1,244.38,South,Discount Email,Books
CUST_JUNE_0424,27-04-2024,30-04-2024,01-06-2024,1,1,390.84,North,Discount Email,Books
CUST_JUNE_0425,27-01-2024,20-02-2024,01-06-2024,1,1,348.01,East,Loyalty Offer,Groceries
CUST_JUNE_0426,25-07-2022,07-02-2024,01-06-2024,1,1,395.48,North,Discount Email,Fashion
CUST_JUNE_0427,02-02-2023,27-04-2024,01-06-2024,1,1,457.48,North,Loyalty Offer,Fashion
CUST_JUNE_0428,16-01-2023,18-01-2023,01-06-2024,1,1,276.41,South,Discount Email,Fashion
CUST_JUNE_0429,24-06-2023,26-01-2024,01-06-2024,1,1,78.43,South,Discount Email,Fashion
CUST_JUNE_0430,12-10-2022,11-04-2024,01-06-2024,1,0,6.54,South,Loyalty Offer,Fashion
CUST_JUNE_0431,24-05-2023,08-06-2023,01-06-2024,1,1,400.7,West,Reactivation SMS,Home Decor
CUST_JUNE_0432,24-08-2023,27-09-2023,01-06-2024,1,1,329.65,North,Discount Email,Groceries
CUST_JUNE_0433,09-11-2023,02-12-2023,01-06-2024,1,0,10.55,West,Reactivation SMS,Home Decor
CUST_JUNE_0434,22-12-2023,25-02-2024,01-06-2024,1,1,190.01,North,Loyalty Offer,Groceries
CUST_JUNE_0435,23-01-2024,30-04-2024,01-06-2024,1,1,353.67,South,Reactivation SMS,Electronics
CUST_JUNE_0436,08-12-2022,26-05-2023,,0,0,12.21,South,Reactivation SMS,Fashion
CUST_JUNE_0437,23-01-2023,26-04-2023,,0,0,10.94,South,Reactivation SMS,Home Decor
CUST_JUNE_0438,01-03-2024,28-04-2024,01-06-2024,1,1,370.23,South,Reactivation SMS,Fashion
CUST_JUNE_0439,24-08-2022,09-03-2023,01-06-2024,1,0,8.81,East,Reactivation SMS,Groceries
CUST_JUNE_0440,05-12-2022,11-03-2023,01-06-2024,1,1,361.29,South,Reactivation SMS,Home Decor
CUST_JUNE_0441,06-02-2023,27-02-2023,01-06-2024,1,0,11.59,North,Reactivation SMS,Groceries
CUST_JUNE_0442,22-02-2023,30-07-2023,01-06-2024,1,1,305.1,West,Reactivation SMS,Home Decor
CUST_JUNE_0443,01-11-2023,18-02-2024,01-06-2024,1,1,96.65,North,Loyalty Offer,Fashion
CUST_JUNE_0444,04-08-2023,09-02-2024,01-06-2024,1,1,55.21,North,Discount Email,Groceries
CUST_JUNE_0445,25-02-2024,20-04-2024,01-06-2024,1,1,210.34,South,Reactivation SMS,Books
CUST_JUNE_0446,29-10-2022,28-11-2023,,0,0,9.07,West,Loyalty Offer,Books
CUST_JUNE_0447,11-06-2022,09-07-2022,01-06-2024,1,1,385.27,North,Reactivation SMS,Groceries
CUST_JUNE_0448,04-07-2022,12-09-2023,01-06-2024,1,1,50.91,North,Discount Email,Electronics
CUST_JUNE_0449,30-05-2023,30-03-2024,01-06-2024,1,1,386.36,West,Reactivation SMS,Groceries
CUST_JUNE_0450,15-07-2022,23-08-2022,01-06-2024,1,0,10.19,North,Loyalty Offer,Books
CUST_JUNE_0451,02-08-2022,15-08-2022,01-06-2024,1,1,173.75,East,Reactivation SMS,Fashion
CUST_JUNE_0452,27-10-2022,12-12-2022,01-06-2024,1,1,317.28,South,Discount Email,Home Decor
CUST_JUNE_0453,24-08-2023,28-10-2023,01-06-2024,1,1,322.69,West,Discount Email,Home Decor
CUST_JUNE_0454,04-06-2022,22-12-2023,01-06-2024,1,1,332.34,North,Discount Email,Home Decor
CUST_JUNE_0455,26-09-2023,03-10-2023,01-06-2024,1,1,132.73,West,Discount Email,Fashion
CUST_JUNE_0456,24-09-2022,25-01-2023,01-06-2024,1,1,27.33,West,Loyalty Offer,Fashion
CUST_JUNE_0457,11-02-2023,10-05-2023,,0,0,7.57,North,Reactivation SMS,Fashion
CUST_JUNE_0458,26-08-2022,10-05-2023,01-06-2024,1,1,425.18,North,Loyalty Offer,Books
CUST_JUNE_0459,01-02-2024,24-04-2024,01-06-2024,1,1,74.64,North,Loyalty Offer,Electronics
CUST_JUNE_0460,25-08-2023,10-11-2023,,0,0,7.74,North,Reactivation SMS,Books
CUST_JUNE_0461,03-01-2024,22-02-2024,,0,0,11.4,South,Loyalty Offer,Groceries
CUST_JUNE_0462,16-04-2023,27-09-2023,01-06-2024,1,1,292.68,East,Loyalty Offer,Home Decor
CUST_JUNE_0463,24-07-2022,16-04-2024,01-06-2024,1,1,239.24,East,Loyalty Offer,Groceries
CUST_JUNE_0464,16-07-2022,08-01-2023,01-06-2024,1,1,236.56,East,Loyalty Offer,Groceries
CUST_JUNE_0465,21-12-2022,12-09-2023,01-06-2024,1,1,442.9,West,Loyalty Offer,Electronics
CUST_JUNE_0466,03-03-2024,16-03-2024,01-06-2024,1,1,34.44,South,Loyalty Offer,Home Decor
CUST_JUNE_0467,23-04-2023,18-01-2024,01-06-2024,1,1,220.36,East,Discount Email,Books
CUST_JUNE_0468,16-02-2023,26-02-2023,01-06-2024,1,1,44.22,West,Discount Email,Groceries
CUST_JUNE_0469,02-03-2023,22-03-2023,01-06-2024,1,1,377.58,East,Reactivation SMS,Electronics
CUST_JUNE_0470,11-06-2022,15-04-2023,01-06-2024,1,1,272.47,South,Loyalty Offer,Home Decor
CUST_JUNE_0471,16-01-2024,01-04-2024,01-06-2024,1,1,487.21,West,Reactivation SMS,Home Decor
CUST_JUNE_0472,21-11-2022,03-04-2024,01-06-2024,1,1,169.08,South,Discount Email,Groceries
CUST_JUNE_0473,26-04-2023,14-11-2023,01-06-2024,1,0,12.32,North,Loyalty Offer,Groceries
CUST_JUNE_0474,10-10-2023,17-04-2024,01-06-2024,1,1,175.94,North,Discount Email,Groceries
CUST_JUNE_0475,08-09-2023,16-12-2023,01-06-2024,1,0,14.8,South,Reactivation SMS,Electronics
CUST_JUNE_0476,25-01-2023,15-02-2024,01-06-2024,1,0,12.78,West,Loyalty Offer,Electronics
CUST_JUNE_0477,02-07-2023,28-10-2023,01-06-2024,1,0,478.53,West,Discount Email,Home Decor
CUST_JUNE_0478,22-04-2023,15-02-2024,01-06-2024,1,0,205.7,North,Discount Email,Groceries
CUST_JUNE_0479,09-03-2024,21-03-2024,,0,0,9.96,East,Discount Email,Books
CUST_JUNE_0480,26-07-2023,03-12-2023,,0,0,9.88,East,Reactivation SMS,Fashion
CUST_JUNE_0481,06-12-2023,18-04-2024,,0,0,13.67,North,Loyalty Offer,Home Decor
CUST_JUNE_0482,05-08-2023,22-10-2023,,0,0,12.01,East,Loyalty Offer,Groceries
CUST_JUNE_0483,04-06-2023,17-01-2024,,0,0,13.06,South,Discount Email,Books
CUST_JUNE_0484,15-03-2023,11-06-2023,01-06-2024,1,0,376.39,West,Loyalty Offer,Home Decor
CUST_JUNE_0485,21-12-2023,30-04-2024,,0,0,11.17,North,Reactivation SMS,Fashion
CUST_JUNE_0486,15-02-2023,04-04-2023,,0,0,6.78,South,Discount Email,Books
CUST_JUNE_0487,10-01-2023,23-01-2024,,0,0,8.21,East,Discount Email,Electronics
CUST_JUNE_0488,04-02-2024,18-02-2024,,0,0,10.94,North,Loyalty Offer,Books
CUST_JUNE_0489,12-05-2023,04-07-2023,01-06-2024,1,0,286.94,East,Reactivation SMS,Books
CUST_JUNE_0490,22-04-2023,20-09-2023,01-06-2024,1,0,478.29,North,Reactivation SMS,Electronics
CUST_JUNE_0491,10-03-2023,31-07-2023,01-06-2024,1,0,367.09,East,Loyalty Offer,Books
CUST_JUNE_0492,13-02-2023,02-05-2023,01-06-2024,1,0,9.41,South,Reactivation SMS,Groceries
CUST_JUNE_0493,02-10-2023,27-02-2024,01-06-2024,1,0,196.81,North,Loyalty Offer,Fashion
CUST_JUNE_0494,10-10-2022,21-07-2023,01-06-2024,1,0,317.67,West,Reactivation SMS,Electronics
CUST_JUNE_0495,23-05-2022,21-08-2023,01-06-2024,1,0,407.61,North,Reactivation SMS,Home Decor
CUST_JUNE_0496,18-09-2022,26-10-2022,01-06-2024,1,0,66.49,East,Reactivation SMS,Home Decor
CUST_JUNE_0497,29-07-2023,24-02-2024,,0,0,7.71,South,Reactivation SMS,Electronics
CUST_JUNE_0498,12-03-2024,24-03-2024,,0,0,7.05,East,Discount Email,Groceries
CUST_JUNE_0499,23-04-2023,09-08-2023,,0,0,12.18,South,Reactivation SMS,Electronics
CUST_JUNE_0500,11-03-2024,20-03-2024,01-06-2024,1,0,41.89,West,Reactivation SMS,Books
CUST_JUNE_0501,10-12-2022,26-01-2024,01-06-2024,1,0,14.92,North,Loyalty Offer,Groceries
CUST_JUNE_0502,02-08-2022,31-01-2024,01-06-2024,1,0,6.37,North,Reactivation SMS,Books
CUST_JUNE_0503,25-07-2022,05-03-2024,01-06-2024,1,1,92.95,North,Loyalty Offer,Home Decor
CUST_JUNE_0504,01-02-2023,03-04-2024,01-06-2024,1,1,265.03,South,Reactivation SMS,Books
CUST_JUNE_0505,05-01-2024,06-01-2024,01-06-2024,1,0,10.92,South,Reactivation SMS,Electronics
CUST_JUNE_0506,02-05-2023,27-04-2024,01-06-2024,1,1,450.1,East,Loyalty Offer,Electronics
CUST_JUNE_0507,23-06-2022,22-02-2023,01-06-2024,1,1,491.69,West,Loyalty Offer,Electronics
CUST_JUNE_0508,29-10-2022,14-07-2023,01-06-2024,1,1,156.42,North,Reactivation SMS,Books
CUST_JUNE_0509,24-07-2022,20-09-2023,01-06-2024,1,1,390.31,South,Discount Email,Fashion
CUST_JUNE_0510,13-05-2024,13-05-2024,01-06-2024,1,1,181.08,South,Reactivation SMS,Books
CUST_JUNE_0511,24-04-2024,30-04-2024,01-06-2024,1,1,289.03,South,Loyalty Offer,Fashion
CUST_JUNE_0512,17-04-2023,04-04-2024,01-06-2024,1,1,100.13,South,Discount Email,Fashion
CUST_JUNE_0513,18-09-2023,30-10-2023,01-06-2024,1,0,11.95,West,Discount Email,Electronics
CUST_JUNE_0514,22-02-2024,20-04-2024,01-06-2024,1,1,381.07,East,Loyalty Offer,Fashion
CUST_JUNE_0515,01-07-2023,24-07-2023,01-06-2024,1,1,430.34,South,Reactivation SMS,Electronics
CUST_JUNE_0516,25-02-2023,20-12-2023,01-06-2024,1,1,324.59,South,Discount Email,Fashion
CUST_JUNE_0517,28-04-2024,29-04-2024,01-06-2024,1,1,243.93,North,Loyalty Offer,Groceries
CUST_JUNE_0518,01-05-2024,01-05-2024,01-06-2024,1,1,115.37,North,Discount Email,Fashion
CUST_JUNE_0519,08-03-2024,18-03-2024,01-06-2024,1,0,5.86,East,Reactivation SMS,Groceries
CUST_JUNE_0520,21-10-2023,01-01-2024,01-06-2024,1,1,326.59,South,Reactivation SMS,Electronics
CUST_JUNE_0521,27-02-2024,02-04-2024,01-06-2024,1,1,154.51,West,Loyalty Offer,Groceries
CUST_JUNE_0522,05-09-2022,14-09-2023,01-06-2024,1,1,481.11,South,Discount Email,Home Decor
CUST_JUNE_0523,13-03-2024,30-04-2024,01-06-2024,1,1,453.38,South,Discount Email,Groceries
CUST_JUNE_0524,05-10-2023,24-12-2023,01-06-2024,1,0,5.66,West,Loyalty Offer,Home Decor
CUST_JUNE_0525,06-07-2022,18-07-2023,01-06-2024,1,1,106.88,South,Reactivation SMS,Books
CUST_JUNE_0526,06-06-2023,06-09-2023,,0,0,11.1,North,Discount Email,Fashion
CUST_JUNE_0527,10-08-2022,12-12-2023,,0,0,13.88,South,Discount Email,Fashion
CUST_JUNE_0528,27-04-2024,27-04-2024,,0,0,9.61,West,Discount Email,Fashion
CUST_JUNE_0529,13-03-2024,31-03-2024,01-06-2024,1,1,173.82,East,Reactivation SMS,Fashion
CUST_JUNE_0530,24-07-2023,27-09-2023,01-06-2024,1,1,153.77,North,Reactivation SMS,Home Decor
CUST_JUNE_0531,29-04-2023,22-07-2023,01-06-2024,1,1,422.17,West,Loyalty Offer,Fashion
CUST_JUNE_0532,14-02-2024,22-02-2024,01-06-2024,1,1,70.09,East,Loyalty Offer,Books
CUST_JUNE_0533,10-10-2023,29-04-2024,01-06-2024,1,1,404.7,North,Loyalty Offer,Groceries
CUST_JUNE_0534,26-05-2022,15-07-2022,01-06-2024,1,1,320.26,East,Loyalty Offer,Electronics
CUST_JUNE_0535,12-06-2022,15-08-2022,01-06-2024,1,1,424.38,South,Reactivation SMS,Electronics
CUST_JUNE_0536,02-03-2023,16-03-2024,01-06-2024,1,1,189.11,East,Reactivation SMS,Electronics
CUST_JUNE_0537,19-08-2022,06-05-2023,,0,0,5.07,West,Loyalty Offer,Books
CUST_JUNE_0538,24-02-2023,01-02-2024,,0,0,14.52,North,Discount Email,Fashion
CUST_JUNE_0539,27-09-2023,25-11-2023,01-06-2024,1,1,381.15,South,Discount Email,Books
CUST_JUNE_0540,22-12-2022,17-10-2023,01-06-2024,1,1,434.05,East,Discount Email,Groceries
CUST_JUNE_0541,28-09-2022,02-03-2024,01-06-2024,1,1,333.26,West,Discount Email,Home Decor
CUST_JUNE_0542,10-11-2023,03-12-2023,01-06-2024,1,1,361.44,West,Reactivation SMS,Electronics
CUST_JUNE_0543,06-09-2022,30-10-2022,,,0,9.17,West,Reactivation SMS,Books
CUST_JUNE_0544,26-02-2023,13-01-2024,,,0,10.45,East,Discount Email,Groceries
CUST_JUNE_0545,31-08-2023,07-12-2023,01-06-2024,1,1,373.02,East,Loyalty Offer,Books
CUST_JUNE_0546,10-01-2023,04-03-2024,01-06-2024,1,1,272.45,South,Discount Email,Home Decor
CUST_JUNE_0547,27-12-2022,17-02-2024,01-06-2024,1,1,64.71,North,Reactivation SMS,Fashion
CUST_JUNE_0548,29-05-2023,22-06-2023,01-06-2024,1,1,419.63,North,Loyalty Offer,Books
CUST_JUNE_0549,23-02-2024,18-03-2024,01-06-2024,1,0,10.53,West,Discount Email,Fashion
CUST_JUNE_0550,25-12-2022,23-04-2023,01-06-2024,1,1,21.02,North,Reactivation SMS,Home Decor
CUST_JUNE_0551,26-08-2023,06-10-2023,01-06-2024,1,1,236.38,East,Reactivation SMS,Groceries
CUST_JUNE_0552,10-12-2022,25-04-2023,01-06-2024,1,1,212.91,West,Discount Email,Groceries
CUST_JUNE_0553,09-06-2022,13-08-2023,01-06-2024,1,1,451.22,South,Loyalty Offer,Groceries
CUST_JUNE_0554,04-04-2024,04-04-2024,01-06-2024,1,1,207.06,North,Loyalty Offer,Home Decor
CUST_JUNE_0555,01-11-2022,21-01-2023,01-06-2024,1,1,212.35,East,Loyalty Offer,Electronics
CUST_JUNE_0556,06-11-2022,04-01-2023,01-06-2024,1,0,11.93,West,Discount Email,Home Decor
CUST_JUNE_0557,22-04-2024,26-04-2024,01-06-2024,1,1,175.74,West,Loyalty Offer,Groceries
CUST_JUNE_0558,17-05-2023,19-01-2024,01-06-2024,1,1,39.61,North,Discount Email,Home Decor
CUST_JUNE_0559,22-03-2023,25-07-2023,01-06-2024,1,1,151.87,East,Loyalty Offer,Home Decor
CUST_JUNE_0560,19-03-2023,22-02-2024,01-06-2024,1,1,474.68,East,Loyalty Offer,Groceries
CUST_JUNE_0561,16-02-2023,11-04-2024,01-06-2024,1,1,62.1,South,Discount Email,Home Decor
CUST_JUNE_0562,28-02-2024,01-03-2024,01-06-2024,1,1,281.49,South,Reactivation SMS,Fashion
CUST_JUNE_0563,04-05-2023,26-03-2024,01-06-2024,1,1,297.27,North,Loyalty Offer,Books
CUST_JUNE_0564,08-09-2022,25-03-2024,01-06-2024,1,1,435.86,East,Loyalty Offer,Books
CUST_JUNE_0565,23-12-2023,24-12-2023,01-06-2024,1,1,84.18,South,Discount Email,Groceries
CUST_JUNE_0566,08-11-2022,17-07-2023,01-06-2024,1,0,7.23,North,Reactivation SMS,Fashion
CUST_JUNE_0567,23-06-2023,14-11-2023,01-06-2024,1,0,14.21,West,Discount Email,Fashion
CUST_JUNE_0568,13-07-2023,08-04-2024,01-06-2024,1,1,284.06,West,Loyalty Offer,Fashion
CUST_JUNE_0569,23-02-2023,10-08-2023,01-06-2024,1,1,261.1,North,Reactivation SMS,Books
CUST_JUNE_0570,11-07-2022,19-04-2024,01-06-2024,1,0,9.62,East,Reactivation SMS,Fashion
CUST_JUNE_0571,26-01-2024,09-02-2024,01-06-2024,1,1,75.56,South,Loyalty Offer,Fashion
CUST_JUNE_0572,07-07-2023,20-03-2024,,0,0,8.87,South,Discount Email,Fashion
CUST_JUNE_0573,26-01-2024,04-02-2024,,0,0,7.31,West,Loyalty Offer,Books
CUST_JUNE_0574,28-08-2022,22-02-2024,01-06-2024,1,1,283.45,North,Reactivation SMS,Books
CUST_JUNE_0575,30-07-2023,20-03-2024,01-06-2024,1,1,308.73,West,Discount Email,Books
CUST_JUNE_0576,01-04-2023,29-04-2024,01-06-2024,1,1,58.39,East,Discount Email,Books
CUST_JUNE_0577,06-03-2024,19-04-2024,01-06-2024,1,1,222.61,South,Loyalty Offer,Groceries
CUST_JUNE_0578,12-03-2024,06-04-2024,01-06-2024,1,1,244.98,East,Discount Email,Books
CUST_JUNE_0579,22-07-2023,19-02-2024,01-06-2024,1,0,12.62,West,Reactivation SMS,Electronics
CUST_JUNE_0580,24-10-2022,23-11-2023,01-06-2024,1,0,10.89,North,Reactivation SMS,Groceries
CUST_JUNE_0581,05-02-2024,29-02-2024,01-06-2024,1,1,41.28,West,Discount Email,Fashion
CUST_JUNE_0582,08-03-2023,21-01-2024,01-06-2024,1,1,238.72,North,Discount Email,Home Decor
CUST_JUNE_0583,05-12-2022,20-02-2024,01-06-2024,1,1,214.84,South,Discount Email,Home Decor
CUST_JUNE_0584,07-07-2023,01-03-2024,01-06-2024,1,1,141.94,North,Discount Email,Fashion
CUST_JUNE_0585,21-07-2023,04-03-2024,01-06-2024,1,1,182.49,South,Discount Email,Books
CUST_JUNE_0586,29-10-2023,11-01-2024,01-06-2024,1,0,10.71,South,Reactivation SMS,Home Decor
CUST_JUNE_0587,12-02-2023,11-01-2024,01-06-2024,1,1,347.49,West,Reactivation SMS,Groceries
CUST_JUNE_0588,07-05-2024,07-05-2024,,0,0,14.5,West,Loyalty Offer,Electronics
CUST_JUNE_0589,19-04-2023,31-10-2023,,0,0,8.04,West,Discount Email,Fashion
CUST_JUNE_0590,06-07-2023,19-11-2023,,0,0,12.39,East,Discount Email,Books
CUST_JUNE_0591,27-09-2023,10-01-2024,,0,0,7.79,East,Discount Email,Books
CUST_JUNE_0592,04-03-2024,11-04-2024,01-06-2024,1,1,462.62,East,Reactivation SMS,Home Decor
CUST_JUNE_0593,07-11-2022,23-01-2024,01-06-2024,1,1,446.57,East,Discount Email,Home Decor
CUST_JUNE_0594,21-08-2022,06-01-2024,01-06-2024,1,1,114.4,West,Discount Email,Electronics
CUST_JUNE_0595,28-10-2022,16-01-2023,01-06-2024,1,1,336.54,North,Discount Email,Groceries
CUST_JUNE_0596,06-06-2022,15-07-2023,01-06-2024,1,1,416.63,South,Loyalty Offer,Groceries
CUST_JUNE_0597,20-09-2023,04-12-2023,01-06-2024,1,1,72.11,North,Reactivation SMS,Books
CUST_JUNE_0598,24-05-2023,25-02-2024,01-06-2024,1,0,6.65,East,Reactivation SMS,Groceries
CUST_JUNE_0599,26-02-2024,01-03-2024,01-06-2024,1,0,9.05,South,Discount Email,Groceries
CUST_JUNE_0600,29-01-2024,19-03-2024,01-06-2024,1,1,148.96,West,Discount Email,Home Decor
CUST_JUNE_0601,16-03-2024,28-03-2024,01-06-2024,1,1,305.23,North,Loyalty Offer,Fashion
CUST_JUNE_0602,27-09-2022,23-07-2023,01-06-2024,1,1,83.67,West,Loyalty Offer,Books
CUST_JUNE_0603,26-11-2023,02-02-2024,01-06-2024,1,0,13.74,South,Loyalty Offer,Electronics
CUST_JUNE_0604,28-02-2024,24-04-2024,01-06-2024,1,1,34.03,South,Discount Email,Fashion
CUST_JUNE_0605,07-12-2022,10-04-2023,01-06-2024,1,1,173.86,North,Reactivation SMS,Home Decor
CUST_JUNE_0606,18-07-2022,18-10-2023,01-06-2024,1,1,427.15,East,Discount Email,Home Decor
CUST_JUNE_0607,23-08-2023,11-03-2024,01-06-2024,1,1,179.64,South,Discount Email,Electronics
CUST_JUNE_0608,12-02-2023,21-04-2024,01-06-2024,1,1,219.38,South,Loyalty Offer,Books
CUST_JUNE_0609,03-07-2023,12-10-2023,01-06-2024,1,1,249.93,East,Loyalty Offer,Fashion
CUST_JUNE_0610,18-10-2022,19-03-2023,,0,0,12.89,West,Discount Email,Groceries
CUST_JUNE_0611,19-02-2023,30-09-2023,01-06-2024,1,1,159.72,South,Reactivation SMS,Groceries
CUST_JUNE_0612,21-06-2023,12-08-2023,,0,0,5.08,West,Loyalty Offer,Home Decor
CUST_JUNE_0613,15-10-2022,21-02-2023,01-06-2024,1,1,115.68,East,Loyalty Offer,Books
CUST_JUNE_0614,15-05-2024,15-05-2024,01-06-2024,1,1,281.99,South,Reactivation SMS,Fashion
CUST_JUNE_0615,05-01-2023,22-12-2023,01-06-2024,1,1,444.76,South,Loyalty Offer,Fashion
CUST_JUNE_0616,23-04-2024,26-04-2024,01-06-2024,1,0,7.18,North,Loyalty Offer,Home Decor
CUST_JUNE_0617,23-11-2023,15-03-2024,01-06-2024,1,1,152.63,West,Discount Email,Groceries
CUST_JUNE_0618,11-05-2024,11-05-2024,01-06-2024,1,1,352.21,North,Loyalty Offer,Books
CUST_JUNE_0619,05-03-2024,22-03-2024,01-06-2024,1,0,11.96,South,Loyalty Offer,Electronics
CUST_JUNE_0620,02-10-2022,05-03-2024,01-06-2024,1,1,330.66,West,Reactivation SMS,Home Decor
CUST_JUNE_0621,31-10-2023,07-04-2024,01-06-2024,1,1,428.09,North,Loyalty Offer,Electronics
CUST_JUNE_0622,15-10-2023,16-10-2023,01-06-2024,1,1,307.51,East,Discount Email,Electronics
CUST_JUNE_0623,03-12-2023,01-02-2024,01-06-2024,1,0,6.23,South,Loyalty Offer,Home Decor
CUST_JUNE_0624,05-04-2024,08-04-2024,01-06-2024,1,1,140.36,South,Reactivation SMS,Electronics
CUST_JUNE_0625,20-08-2022,10-07-2023,01-06-2024,1,1,479.94,West,Loyalty Offer,Electronics
CUST_JUNE_0626,08-02-2024,28-02-2024,,0,0,10.88,East,Reactivation SMS,Electronics
CUST_JUNE_0627,29-10-2023,11-03-2024,,0,0,14.06,North,Loyalty Offer,Fashion
CUST_JUNE_0628,18-09-2022,26-01-2024,01-06-2024,1,1,465.62,North,Discount Email,Home Decor
CUST_JUNE_0629,20-11-2023,25-03-2024,01-06-2024,1,0,8.91,East,Loyalty Offer,Home Decor
CUST_JUNE_0630,18-04-2023,07-08-2023,01-06-2024,1,1,266.9,East,Reactivation SMS,Electronics
CUST_JUNE_0631,29-08-2023,05-01-2024,01-06-2024,1,1,61.85,East,Discount Email,Groceries
CUST_JUNE_0632,17-12-2022,18-08-2023,01-06-2024,1,1,122.82,South,Reactivation SMS,Groceries
CUST_JUNE_0633,25-10-2022,24-02-2024,01-06-2024,1,0,10.54,East,Loyalty Offer,Groceries
CUST_JUNE_0634,09-04-2023,21-06-2023,01-06-2024,1,1,306.9,South,Discount Email,Fashion
CUST_JUNE_0635,08-09-2022,15-08-2023,01-06-2024,1,1,248.25,West,Loyalty Offer,Fashion
CUST_JUNE_0636,28-06-2023,07-09-2023,01-06-2024,1,1,25.15,West,Loyalty Offer,Home Decor
CUST_JUNE_0637,09-11-2022,22-04-2024,01-06-2024,1,1,184.73,North,Loyalty Offer,Electronics
CUST_JUNE_0638,30-01-2023,22-08-2023,01-06-2024,1,1,320.17,South,Discount Email,Fashion
CUST_JUNE_0639,03-11-2023,01-03-2024,01-06-2024,1,0,11.28,North,Reactivation SMS,Home Decor
CUST_JUNE_0640,03-09-2022,03-06-2023,01-06-2024,1,1,308.47,South,Discount Email,Books
CUST_JUNE_0641,15-04-2024,19-04-2024,01-06-2024,1,1,277.87,East,Loyalty Offer,Groceries
CUST_JUNE_0642,24-10-2023,10-04-2024,01-06-2024,1,1,63.12,West,Discount Email,Home Decor
CUST_JUNE_0643,10-06-2023,03-12-2023,01-06-2024,1,1,462.51,West,Reactivation SMS,Books
CUST_JUNE_0644,10-06-2023,08-09-2023,01-06-2024,1,1,60.75,South,Reactivation SMS,Electronics
CUST_JUNE_0645,19-12-2022,03-05-2023,01-06-2024,1,1,416.96,West,Discount Email,Books
CUST_JUNE_0646,20-01-2024,25-01-2024,01-06-2024,1,1,425.39,East,Loyalty Offer,Home Decor
CUST_JUNE_0647,02-04-2023,02-01-2024,,0,0,7.27,East,Discount Email,Books
CUST_JUNE_0648,27-11-2023,16-02-2024,,0,0,11.51,South,Reactivation SMS,Books
CUST_JUNE_0649,30-06-2022,01-12-2023,,0,0,11.35,South,Discount Email,Home Decor
CUST_JUNE_0650,09-11-2022,06-08-2023,01-06-2024,1,1,57.43,East,Reactivation SMS,Books
CUST_JUNE_0651,21-10-2023,15-03-2024,01-06-2024,1,1,271.04,North,Reactivation SMS,Groceries
CUST_JUNE_0652,19-03-2024,21-03-2024,01-06-2024,1,1,140.8,West,Reactivation SMS,Electronics
CUST_JUNE_0653,19-01-2024,06-04-2024,01-06-2024,1,1,192.82,East,Reactivation SMS,Groceries
CUST_JUNE_0654,21-10-2023,18-01-2024,01-06-2024,1,0,9.23,South,Reactivation SMS,Books
CUST_JUNE_0655,27-11-2023,07-12-2023,01-06-2024,1,1,83.25,East,Reactivation SMS,Electronics
CUST_JUNE_0656,28-12-2022,28-06-2023,01-06-2024,1,1,236.78,West,Reactivation SMS,Fashion
CUST_JUNE_0657,07-03-2024,03-04-2024,01-06-2024,1,1,148.16,North,Discount Email,Books
CUST_JUNE_0658,09-04-2023,17-10-2023,01-06-2024,1,1,44.71,South,Loyalty Offer,Groceries
CUST_JUNE_0659,07-02-2023,04-05-2023,01-06-2024,1,1,201.45,West,Discount Email,Electronics
CUST_JUNE_0660,24-04-2023,17-04-2024,01-06-2024,1,0,6.75,West,Loyalty Offer,Fashion
CUST_JUNE_0661,28-10-2022,09-08-2023,01-06-2024,1,1,264.24,West,Loyalty Offer,Fashion
CUST_JUNE_0662,18-08-2023,11-02-2024,,0,0,11.86,South,Reactivation SMS,Home Decor
CUST_JUNE_0663,12-02-2024,27-03-2024,,0,0,5.89,West,Discount Email,Books
CUST_JUNE_0664,23-03-2024,28-04-2024,,0,0,14.54,West,Loyalty Offer,Electronics
CUST_JUNE_0665,13-04-2024,19-04-2024,01-06-2024,1,1,278.83,West,Loyalty Offer,Home Decor
CUST_JUNE_0666,21-10-2022,27-11-2022,,0,0,11.36,South,Loyalty Offer,Fashion
CUST_JUNE_0667,29-03-2024,09-04-2024,,0,0,8.47,West,Loyalty Offer,Electronics
CUST_JUNE_0668,09-09-2022,09-02-2023,01-06-2024,1,1,367.9,East,Discount Email,Books
CUST_JUNE_0669,08-09-2022,23-09-2023,01-06-2024,1,1,65.33,East,Reactivation SMS,Home Decor
CUST_JUNE_0670,17-02-2024,21-03-2024,01-06-2024,1,1,301.36,East,Loyalty Offer,Fashion
CUST_JUNE_0671,13-10-2023,12-03-2024,01-06-2024,1,1,368.77,South,Loyalty Offer,Home Decor
CUST_JUNE_0672,05-07-2022,11-07-2022,01-06-2024,1,1,342.72,North,Loyalty Offer,Fashion
CUST_JUNE_0673,02-01-2023,22-12-2023,01-06-2024,1,1,134.27,East,Reactivation SMS,Electronics
CUST_JUNE_0674,23-12-2023,29-01-2024,01-06-2024,1,1,305.19,South,Discount Email,Books
CUST_JUNE_0675,26-01-2024,21-03-2024,01-06-2024,1,0,12.67,North,Loyalty Offer,Home Decor
CUST_JUNE_0676,19-01-2023,05-09-2023,01-06-2024,1,1,89.14,South,Reactivation SMS,Fashion
CUST_JUNE_0677,26-12-2022,25-01-2024,,0,0,9.26,South,Reactivation SMS,Fashion
CUST_JUNE_0678,31-10-2023,25-01-2024,,0,0,13.17,West,Discount Email,Home Decor
CUST_JUNE_0679,20-08-2023,30-08-2023,01-06-2024,1,1,277.73,North,Loyalty Offer,Groceries
CUST_JUNE_0680,03-02-2023,10-03-2023,01-06-2024,1,1,72.68,North,Discount Email,Electronics
CUST_JUNE_0681,23-03-2023,18-09-2023,01-06-2024,1,1,224.65,North,Discount Email,Groceries
CUST_JUNE_0682,22-08-2023,25-02-2024,01-06-2024,1,0,11.63,South,Loyalty Offer,Electronics
CUST_JUNE_0683,15-04-2024,27-04-2024,01-06-2024,1,1,178.14,North,Loyalty Offer,Books
CUST_JUNE_0684,28-01-2024,04-03-2024,,0,0,10.56,South,Loyalty Offer,Home Decor
CUST_JUNE_0685,25-07-2022,03-12-2022,,0,0,8.9,West,Reactivation SMS,Electronics
CUST_JUNE_0686,15-01-2024,15-01-2024,,0,0,8.6,West,Reactivation SMS,Groceries
CUST_JUNE_0687,19-01-2024,12-02-2024,,0,0,13.07,North,Discount Email,Books
CUST_JUNE_0688,01-04-2023,23-03-2024,01-06-2024,1,1,464.3,West,Discount Email,Fashion
CUST_JUNE_0689,18-07-2023,07-03-2024,01-06-2024,1,1,160.61,North,Reactivation SMS,Home Decor
CUST_JUNE_0690,07-05-2023,10-01-2024,01-06-2024,1,1,427.19,South,Discount Email,Electronics
CUST_JUNE_0691,11-01-2023,24-08-2023,01-06-2024,1,1,77.97,East,Loyalty Offer,Books
CUST_JUNE_0692,03-08-2023,14-01-2024,01-06-2024,1,0,5.42,North,Reactivation SMS,Groceries
CUST_JUNE_0693,05-01-2024,19-03-2024,01-06-2024,1,1,357.11,North,Discount Email,Electronics
CUST_JUNE_0694,21-08-2023,29-02-2024,01-06-2024,1,1,132.13,East,Loyalty Offer,Groceries
CUST_JUNE_0695,12-01-2024,14-03-2024,01-06-2024,1,0,12.27,North,Reactivation SMS,Electronics
CUST_JUNE_0696,30-12-2022,07-04-2023,01-06-2024,1,0,445.86,South,Discount Email,Groceries
CUST_JUNE_0697,29-08-2022,13-03-2023,01-06-2024,1,0,362.33,South,Loyalty Offer,Home Decor
CUST_JUNE_0698,26-12-2022,21-11-2023,01-06-2024,1,0,200.01,North,Loyalty Offer,Fashion
CUST_JUNE_0699,19-12-2023,05-04-2024,01-06-2024,1,0,200.77,West,Loyalty Offer,Fashion
CUST_JUNE_0700,28-12-2023,25-01-2024,01-06-2024,1,0,5.56,East,Discount Email,Fashion
CUST_JUNE_0701,21-01-2024,27-03-2024,01-06-2024,1,0,61.29,East,Reactivation SMS,Home Decor
CUST_JUNE_0702,10-04-2024,13-04-2024,,0,0,6.69,North,Reactivation SMS,Books
CUST_JUNE_0703,20-05-2022,10-04-2023,01-06-2024,1,0,384.75,South,Loyalty Offer,Electronics
CUST_JUNE_0704,20-12-2022,21-07-2023,01-06-2024,1,0,12.64,South,Reactivation SMS,Groceries
CUST_JUNE_0705,28-06-2022,30-08-2023,01-06-2024,1,0,324.78,North,Reactivation SMS,Electronics
CUST_JUNE_0706,08-04-2023,04-02-2024,01-06-2024,1,0,194.51,West,Reactivation SMS,Electronics
CUST_JUNE_0707,02-03-2024,22-04-2024,01-06-2024,1,0,449.91,North,Reactivation SMS,Groceries
CUST_JUNE_0708,03-06-2022,29-03-2023,01-06-2024,1,0,13.7,North,Loyalty Offer,Groceries
CUST_JUNE_0709,21-12-2023,13-04-2024,01-06-2024,1,0,362.51,North,Discount Email,Books
CUST_JUNE_0710,13-08-2023,28-10-2023,01-06-2024,1,0,447.05,South,Loyalty Offer,Groceries
CUST_JUNE_0711,14-12-2022,27-04-2023,,0,0,11.82,South,Reactivation SMS,Fashion
CUST_JUNE_0712,07-07-2023,23-10-2023,,0,0,9.79,West,Discount Email,Home Decor
CUST_JUNE_0713,10-06-2023,02-01-2024,01-06-2024,1,1,377.22,East,Reactivation SMS,Home Decor
CUST_JUNE_0714,11-07-2022,23-06-2023,01-06-2024,1,1,311.25,East,Loyalty Offer,Electronics
CUST_JUNE_0715,07-04-2023,18-08-2023,,0,0,10.73,East,Discount Email,Fashion
CUST_JUNE_0716,04-11-2022,02-04-2023,,0,0,7.57,North,Loyalty Offer,Groceries
CUST_JUNE_0717,11-12-2022,17-09-2023,01-06-2024,1,1,321.64,West,Reactivation SMS,Fashion
CUST_JUNE_0718,11-06-2023,22-01-2024,,0,0,7.85,East,Reactivation SMS,Groceries
CUST_JUNE_0719,29-12-2023,20-04-2024,,0,0,9.51,West,Reactivation SMS,Books
CUST_JUNE_0720,14-02-2024,30-04-2024,,0,0,14.09,South,Reactivation SMS,Groceries
CUST_JUNE_0721,11-05-2024,11-05-2024,01-06-2024,1,1,170.06,South,Loyalty Offer,Books
CUST_JUNE_0722,27-02-2023,08-11-2023,01-06-2024,1,1,25.37,East,Loyalty Offer,Groceries
CUST_JUNE_0723,05-07-2023,28-07-2023,01-06-2024,1,1,102.45,South,Discount Email,Electronics
CUST_JUNE_0724,14-05-2023,31-07-2023,,0,0,12.56,North,Loyalty Offer,Fashion
CUST_JUNE_0725,20-11-2023,25-11-2023,,0,0,5.13,North,Reactivation SMS,Books
CUST_JUNE_0726,21-10-2022,10-01-2023,,0,0,8.28,East,Loyalty Offer,Groceries
CUST_JUNE_0727,14-09-2022,03-03-2024,,0,0,5.65,East,Loyalty Offer,Fashion
CUST_JUNE_0728,11-12-2023,18-02-2024,,0,0,8.97,West,Discount Email,Electronics
CUST_JUNE_0729,30-07-2022,05-01-2024,01-06-2024,1,0,250.03,West,Discount Email,Fashion
CUST_JUNE_0730,18-11-2023,03-02-2024,01-06-2024,1,0,14.76,North,Reactivation SMS,Home Decor
CUST_JUNE_0731,19-11-2022,04-04-2024,01-06-2024,1,0,400.97,East,Discount Email,Home Decor
CUST_JUNE_0732,19-10-2023,29-10-2023,,0,0,11.6,West,Loyalty Offer,Electronics
CUST_JUNE_0733,04-09-2023,28-01-2024,,0,0,8.49,West,Discount Email,Groceries
CUST_JUNE_0734,08-01-2024,12-04-2024,,0,0,5.65,South,Discount Email,Home Decor
CUST_JUNE_0735,19-09-2023,31-01-2024,01-06-2024,1,0,263.69,South,Reactivation SMS,Groceries
CUST_JUNE_0736,16-02-2024,15-03-2024,01-06-2024,1,0,427.18,West,Loyalty Offer,Books
CUST_JUNE_0737,30-12-2022,20-12-2023,01-06-2024,1,0,38.79,North,Discount Email,Groceries
CUST_JUNE_0738,26-04-2023,22-07-2023,,0,0,6.01,East,Loyalty Offer,Home Decor
CUST_JUNE_0739,22-06-2022,04-07-2022,01-06-2024,1,0,308.32,West,Loyalty Offer,Books
CUST_JUNE_0740,26-10-2022,23-12-2023,,0,0,5.68,North,Loyalty Offer,Groceries
CUST_JUNE_0741,18-12-2023,17-04-2024,01-06-2024,1,0,43.51,South,Loyalty Offer,Electronics
CUST_JUNE_0742,22-05-2023,29-01-2024,01-06-2024,1,0,8.98,East,Loyalty Offer,Home Decor
CUST_JUNE_0743,06-04-2024,11-04-2024,01-06-2024,1,0,12.66,East,Discount Email,Groceries
CUST_JUNE_0744,11-02-2023,30-07-2023,01-06-2024,1,1,276.84,East,Discount Email,Electronics
CUST_JUNE_0745,27-06-2022,10-02-2023,01-06-2024,1,1,228.08,West,Reactivation SMS,Home Decor
CUST_JUNE_0746,22-06-2023,09-04-2024,01-06-2024,1,0,12.11,West,Reactivation SMS,Home Decor
CUST_JUNE_0747,11-03-2023,30-04-2023,01-06-2024,1,1,486.37,South,Discount Email,Electronics
CUST_JUNE_0748,04-05-2024,04-05-2024,01-06-2024,1,1,373.91,South,Loyalty Offer,Groceries
CUST_JUNE_0749,27-04-2024,28-04-2024,,0,0,14.25,North,Loyalty Offer,Books
CUST_JUNE_0750,04-07-2022,07-12-2023,,0,0,6.3,East,Loyalty Offer,Groceries
CUST_JUNE_0751,01-09-2023,09-12-2023,,0,0,14.43,South,Reactivation SMS,Groceries
CUST_JUNE_0752,30-10-2023,06-03-2024,,0,0,7.72,South,Discount Email,Fashion
CUST_JUNE_0753,02-08-2023,23-11-2023,01-06-2024,1,1,153.33,South,Loyalty Offer,Books
CUST_JUNE_0754,31-01-2024,10-02-2024,,0,0,7.55,West,Loyalty Offer,Home Decor
CUST_JUNE_0755,22-12-2023,23-01-2024,,0,0,10.19,North,Loyalty Offer,Books
CUST_JUNE_0756,03-06-2023,10-09-2023,,0,0,8.01,East,Discount Email,Fashion
CUST_JUNE_0757,11-11-2022,17-12-2023,01-06-2024,1,1,287.01,North,Loyalty Offer,Fashion
CUST_JUNE_0758,12-06-2022,11-12-2022,,0,0,9.06,South,Loyalty Offer,Fashion
CUST_JUNE_0759,11-10-2022,24-09-2023,,0,0,5,North,Reactivation SMS,Groceries
CUST_JUNE_0760,23-03-2024,10-04-2024,01-06-2024,1,1,442.98,South,Reactivation SMS,Electronics
CUST_JUNE_0761,13-01-2023,24-04-2023,01-06-2024,1,1,197.96,South,Reactivation SMS,Books
CUST_JUNE_0762,12-08-2023,08-11-2023,,0,0,11.99,North,Reactivation SMS,Groceries
CUST_JUNE_0763,02-07-2023,14-09-2023,01-06-2024,1,1,283.77,South,Loyalty Offer,Fashion
CUST_JUNE_0764,25-08-2023,12-09-2023,01-06-2024,1,1,221.96,North,Reactivation SMS,Groceries
CUST_JUNE_0765,26-02-2024,15-03-2024,01-06-2024,1,1,493.71,West,Reactivation SMS,Groceries
CUST_JUNE_0766,03-09-2023,09-04-2024,01-06-2024,1,1,207.67,South,Discount Email,Home Decor
CUST_JUNE_0767,19-03-2023,21-10-2023,,0,0,6.71,East,Discount Email,Electronics
CUST_JUNE_0768,07-12-2023,23-02-2024,,0,0,12.7,North,Loyalty Offer,Fashion
CUST_JUNE_0769,13-05-2023,04-03-2024,,0,0,14.05,West,Loyalty Offer,Fashion
CUST_JUNE_0770,16-02-2023,03-02-2024,01-06-2024,1,0,184.23,South,Reactivation SMS,Books
CUST_JUNE_0771,25-10-2022,12-06-2023,01-06-2024,1,0,135.65,North,Discount Email,Fashion
CUST_JUNE_0772,03-12-2022,23-12-2023,01-06-2024,1,0,446.96,South,Discount Email,Groceries
CUST_JUNE_0773,24-05-2023,04-12-2023,01-06-2024,1,0,70.51,West,Reactivation SMS,Home Decor
CUST_JUNE_0774,26-05-2023,11-12-2023,01-06-2024,1,0,62.07,North,Discount Email,Electronics
CUST_JUNE_0775,09-09-2023,30-12-2023,01-06-2024,1,0,470.67,East,Loyalty Offer,Groceries
CUST_JUNE_0776,30-09-2023,28-02-2024,01-06-2024,1,0,454.53,East,Reactivation SMS,Fashion
CUST_JUNE_0777,22-10-2022,10-05-2023,01-06-2024,1,0,231.89,West,Discount Email,Groceries
CUST_JUNE_0778,12-05-2024,12-05-2024,,0,0,10.62,East,Reactivation SMS,Fashion
CUST_JUNE_0779,10-02-2023,26-04-2023,01-06-2024,1,0,54.46,East,Loyalty Offer,Books
CUST_JUNE_0780,19-08-2023,17-02-2024,01-06-2024,1,0,119.3,West,Loyalty Offer,Groceries
CUST_JUNE_0781,07-09-2023,24-09-2023,01-06-2024,1,0,188.55,West,Discount Email,Groceries
CUST_JUNE_0782,16-07-2022,11-11-2023,01-06-2024,1,0,21.27,South,Loyalty Offer,Electronics
CUST_JUNE_0783,18-06-2022,21-02-2023,,0,0,8.94,South,Discount Email,Books
CUST_JUNE_0784,24-12-2022,23-11-2023,01-06-2024,1,0,357.24,South,Loyalty Offer,Electronics
CUST_JUNE_0785,24-08-2022,25-12-2023,01-06-2024,1,1,133.92,South,Loyalty Offer,Fashion
CUST_JUNE_0786,01-08-2023,21-10-2023,01-06-2024,1,1,300.61,West,Discount Email,Fashion
CUST_JUNE_0787,25-02-2023,29-10-2023,01-06-2024,1,1,399.38,North,Reactivation SMS,Books
CUST_JUNE_0788,12-04-2024,23-04-2024,01-06-2024,1,1,303.18,West,Discount Email,Fashion
CUST_JUNE_0789,16-12-2022,03-05-2023,,0,0,14.08,North,Discount Email,Home Decor
CUST_JUNE_0790,15-07-2023,14-11-2023,01-06-2024,1,1,89.7,West,Loyalty Offer,Home Decor
CUST_JUNE_0791,23-07-2022,30-03-2023,01-06-2024,1,1,83.42,West,Discount Email,Fashion
CUST_JUNE_0792,05-11-2023,05-12-2023,01-06-2024,1,1,65.34,North,Discount Email,Home Decor
CUST_JUNE_0793,17-01-2024,05-02-2024,01-06-2024,1,1,285.75,East,Reactivation SMS,Fashion
CUST_JUNE_0794,24-04-2024,28-04-2024,,0,0,9.63,West,Reactivation SMS,Home Decor
CUST_JUNE_0795,03-01-2023,24-09-2023,,0,0,11.62,West,Discount Email,Fashion
CUST_JUNE_0796,25-12-2023,24-02-2024,01-06-2024,1,1,463.57,East,Reactivation SMS,Groceries
CUST_JUNE_0797,13-09-2022,03-04-2023,01-06-2024,1,1,122.06,West,Reactivation SMS,Home Decor
CUST_JUNE_0798,03-01-2023,04-09-2023,,0,0,7.51,West,Discount Email,Home Decor
CUST_JUNE_0799,09-07-2022,27-02-2023,,0,0,10.34,South,Discount Email,Books
CUST_JUNE_0800,24-10-2022,04-09-2023,01-06-2024,1,1,82.68,North,Discount Email,Books
