CustomerID,SignupDate,LastPurchaseDate,Region,ProductCategory,ReceivedCampaign,CampaignSentDate,CampaignType,PurchaseAfterCampaign,Revenue
CUST0001,17-10-2023,28-03-2025,East,Beauty,0,,,0,35.61
CUST0002,25-04-2022,15-05-2025,East,Electronics,1,01-04-2025,SMS Reminder,1,208.74
CUST0003,26-01-2022,25-05-2025,East,Beauty,1,01-04-2025,Discount Email,1,214.88
CUST0004,09-10-2022,24-04-2025,South,Apparel,1,01-04-2025,Discount Email,1,235.37
CUST0005,08-09-2022,07-04-2025,East,Electronics,1,01-04-2025,Discount Email,1,459.68
CUST0006,17-08-2022,22-04-2025,West,Home,1,01-04-2025,App Notification,1,66.82
CUST0007,23-05-2022,03-04-2025,West,Home,1,01-04-2025,App Notification,1,493.59
CUST0008,15-04-2022,05-08-2022,East,Beauty,1,01-04-2025,Loyalty Offer,0,11.91
CUST0009,24-11-2023,23-04-2025,East,Beauty,1,01-04-2025,SMS Reminder,1,124.98
CUST0010,13-07-2023,22-05-2025,East,Home,1,01-04-2025,Loyalty Offer,1,83.89
CUST0011,31-03-2022,26-05-2023,North,Books,1,01-04-2025,Discount Email,0,13.05
CUST0012,28-08-2023,23-05-2025,South,Home,1,01-04-2025,App Notification,1,288.98
CUST0013,09-03-2023,21-04-2025,West,Books,1,01-04-2025,SMS Reminder,1,277.09
CUST0014,02-02-2022,18-04-2025,South,Electronics,1,01-04-2025,App Notification,1,331.23
CUST0015,31-01-2022,13-04-2025,West,Home,1,01-04-2025,Loyalty Offer,1,309.58
CUST0016,06-04-2022,13-10-2023,West,Books,0,,,0,246.5
CUST0017,12-08-2022,14-04-2025,South,Apparel,1,01-04-2025,Loyalty Offer,1,213.92
CUST0018,27-08-2022,26-05-2025,North,Apparel,1,01-04-2025,SMS Reminder,1,245.92
CUST0019,02-06-2023,11-03-2024,South,Home,0,,,0,250.64
CUST0020,09-09-2023,17-04-2025,North,Apparel,1,01-04-2025,Loyalty Offer,1,101.1
CUST0021,28-01-2022,03-05-2025,West,Electronics,1,01-04-2025,App Notification,1,301.92
CUST0022,29-07-2023,03-04-2025,South,Electronics,1,01-04-2025,SMS Reminder,1,166.28
CUST0023,23-07-2022,12-12-2023,North,Electronics,0,,,0,239.03
CUST0024,28-10-2023,06-04-2025,East,Electronics,1,01-04-2025,App Notification,1,455.26
CUST0025,13-07-2023,13-12-2023,East,Beauty,1,01-04-2025,Discount Email,0,7.36
CUST0026,06-03-2023,14-11-2023,East,Home,0,,,0,187.95
CUST0027,14-08-2022,27-09-2023,South,Beauty,0,,,0,245.64
CUST0028,05-04-2023,15-04-2025,West,Home,1,01-04-2025,App Notification,1,486.47
CUST0029,27-08-2023,02-11-2023,East,Electronics,0,,,0,157.3
CUST0030,12-10-2022,15-05-2025,South,Home,1,01-04-2025,SMS Reminder,1,160.86
CUST0031,07-01-2022,21-04-2025,North,Apparel,1,01-04-2025,Discount Email,1,59.48
CUST0032,13-06-2022,12-05-2025,North,Books,1,01-04-2025,SMS Reminder,1,481.32
CUST0033,09-03-2023,14-06-2024,West,Home,0,,,0,128.77
CUST0034,15-12-2022,23-08-2023,West,Home,1,01-04-2025,Loyalty Offer,0,7.97
CUST0035,12-10-2022,12-12-2023,East,Electronics,0,,,0,241.01
CUST0036,09-06-2022,04-11-2023,West,Home,0,,,0,151.91
CUST0037,09-08-2022,29-11-2022,North,Home,1,01-04-2025,SMS Reminder,0,13.24
CUST0038,11-12-2022,07-05-2025,North,Electronics,1,01-04-2025,App Notification,1,382
CUST0039,15-04-2022,30-04-2025,North,Beauty,1,01-04-2025,Loyalty Offer,1,405.96
CUST0040,05-04-2022,08-05-2025,South,Books,1,01-04-2025,Loyalty Offer,1,87
CUST0041,25-01-2023,13-05-2025,East,Beauty,1,01-04-2025,App Notification,1,393.42
CUST0042,10-04-2022,18-04-2025,East,Apparel,1,01-04-2025,SMS Reminder,1,128.07
CUST0043,03-01-2023,27-04-2025,North,Electronics,1,01-04-2025,Loyalty Offer,1,444.38
CUST0044,19-12-2022,20-08-2023,West,Apparel,0,,,0,273.92
CUST0045,11-09-2023,10-11-2023,East,Apparel,1,01-04-2025,App Notification,0,9.01
CUST0046,28-09-2022,08-05-2025,West,Beauty,1,01-04-2025,App Notification,1,102.81
CUST0047,14-02-2022,14-04-2025,East,Beauty,1,01-04-2025,SMS Reminder,1,475.72
CUST0048,16-04-2023,15-04-2025,South,Beauty,1,01-04-2025,SMS Reminder,1,320.04
CUST0049,04-07-2023,03-04-2025,South,Books,1,01-04-2025,SMS Reminder,1,180.59
CUST0050,08-05-2022,09-05-2025,North,Electronics,1,01-04-2025,App Notification,1,357.92
CUST0051,23-01-2023,15-03-2024,West,Books,1,01-04-2025,App Notification,0,11.87
CUST0052,22-03-2022,05-04-2025,West,Home,1,01-04-2025,Loyalty Offer,1,73.45
CUST0053,20-07-2023,14-09-2023,West,Home,0,,,0,21.5
CUST0054,28-10-2022,21-11-2023,North,Books,0,,,0,57.03
CUST0055,06-10-2023,03-05-2025,South,Electronics,1,01-04-2025,App Notification,1,468.65
CUST0056,26-09-2023,11-04-2025,North,Apparel,1,01-04-2025,SMS Reminder,1,167.18
CUST0057,06-01-2023,30-10-2023,East,Home,1,01-04-2025,App Notification,0,12.48
CUST0058,15-08-2023,18-04-2025,South,Home,1,01-04-2025,App Notification,1,282.64
CUST0059,16-07-2022,11-04-2025,North,Apparel,1,01-04-2025,App Notification,1,300.05
CUST0060,13-03-2022,04-04-2025,West,Beauty,1,01-04-2025,Loyalty Offer,1,261.61
CUST0061,16-02-2022,17-07-2023,West,Beauty,1,01-04-2025,SMS Reminder,0,5.41
CUST0062,09-11-2023,18-04-2024,South,Home,1,01-04-2025,Discount Email,0,6.24
CUST0063,22-08-2022,04-05-2025,North,Books,1,01-04-2025,Loyalty Offer,1,420.16
CUST0064,24-10-2022,30-05-2025,North,Home,1,01-04-2025,App Notification,1,84.58
CUST0065,23-03-2022,15-05-2025,North,Home,1,01-04-2025,SMS Reminder,1,104.9
CUST0066,27-08-2022,25-05-2025,West,Home,1,01-04-2025,App Notification,1,368.47
CUST0067,14-04-2022,04-04-2025,East,Books,1,01-04-2025,App Notification,1,345.28
CUST0068,25-01-2023,20-11-2023,North,Books,1,01-04-2025,Discount Email,0,8.23
CUST0069,12-10-2022,16-11-2023,East,Apparel,0,,,0,45.91
CUST0070,10-04-2023,27-04-2025,South,Beauty,1,01-04-2025,Loyalty Offer,1,90.13
CUST0071,13-10-2023,20-05-2025,North,Home,1,01-04-2025,Loyalty Offer,1,479.49
CUST0072,09-01-2023,23-05-2025,East,Electronics,1,01-04-2025,Loyalty Offer,1,464.76
CUST0073,16-06-2022,02-12-2023,West,Beauty,0,,,0,75.96
CUST0074,15-01-2023,29-04-2025,East,Books,1,01-04-2025,App Notification,1,90.6
CUST0075,30-12-2022,07-04-2025,West,Apparel,1,01-04-2025,SMS Reminder,1,68.2
CUST0076,03-08-2022,31-05-2025,East,Beauty,1,01-04-2025,Discount Email,1,272.9
CUST0077,18-11-2023,31-03-2025,East,Apparel,1,01-04-2025,Loyalty Offer,0,8
CUST0078,01-10-2022,05-04-2025,North,Books,1,01-04-2025,Discount Email,1,297.95
CUST0079,01-12-2023,14-05-2025,East,Home,1,01-04-2025,SMS Reminder,1,374.14
CUST0080,26-10-2023,03-04-2025,South,Apparel,1,01-04-2025,App Notification,1,101.27
CUST0081,15-03-2022,10-05-2022,East,Home,0,,,0,43.32
CUST0082,16-09-2023,14-05-2025,East,Apparel,1,01-04-2025,SMS Reminder,1,252.48
CUST0083,13-10-2023,10-05-2025,West,Books,1,01-04-2025,Discount Email,1,166.69
CUST0084,25-06-2022,02-04-2025,West,Beauty,1,01-04-2025,App Notification,1,127.28
CUST0085,01-07-2023,20-11-2024,East,Beauty,0,,,0,104.78
CUST0086,08-09-2022,16-12-2022,North,Apparel,0,,,0,55.03
CUST0087,17-06-2022,14-04-2025,West,Apparel,1,01-04-2025,Loyalty Offer,1,436.56
CUST0088,19-04-2023,12-05-2025,North,Home,1,01-04-2025,Loyalty Offer,1,436.19
CUST0089,24-01-2023,29-04-2025,South,Beauty,1,01-04-2025,Loyalty Offer,1,59.82
CUST0090,04-10-2022,08-02-2024,West,Books,0,,,0,25.5
CUST0091,18-10-2023,25-05-2025,East,Electronics,1,01-04-2025,Discount Email,1,425.23
CUST0092,25-07-2023,19-10-2024,East,Electronics,1,01-04-2025,App Notification,0,14.79
CUST0093,13-08-2022,09-05-2025,South,Electronics,1,01-04-2025,App Notification,1,376.08
CUST0094,29-11-2022,22-04-2025,West,Beauty,1,01-04-2025,SMS Reminder,1,298.97
CUST0095,27-02-2022,13-05-2025,North,Apparel,1,01-04-2025,App Notification,1,206.04
CUST0096,23-08-2022,24-04-2025,East,Books,1,01-04-2025,Loyalty Offer,1,247.15
CUST0097,02-02-2022,06-06-2023,East,Beauty,0,,,0,56.72
CUST0098,20-11-2022,03-12-2023,South,Books,0,,,0,242.87
CUST0099,15-02-2023,07-04-2025,South,Apparel,1,01-04-2025,Loyalty Offer,1,350.18
CUST0100,02-10-2022,22-05-2025,East,Apparel,1,01-04-2025,App Notification,1,237.19
CUST0101,09-03-2022,03-04-2025,East,Apparel,1,01-04-2025,SMS Reminder,1,211.45
CUST0102,05-08-2022,12-01-2024,East,Beauty,1,01-04-2025,Discount Email,0,5.32
CUST0103,04-08-2023,07-05-2025,East,Home,1,01-04-2025,SMS Reminder,1,150.84
CUST0104,19-11-2022,07-05-2025,North,Electronics,1,01-04-2025,Loyalty Offer,1,170.37
CUST0105,06-08-2022,07-11-2023,North,Electronics,0,,,0,243.72
CUST0106,03-11-2023,26-05-2025,North,Apparel,1,01-04-2025,Discount Email,1,476.32
CUST0107,27-05-2023,10-06-2024,West,Books,1,01-04-2025,SMS Reminder,0,6.57
CUST0108,10-02-2023,27-07-2023,South,Electronics,1,01-04-2025,SMS Reminder,0,11.47
CUST0109,21-10-2023,22-01-2025,North,Apparel,0,,,0,291.5
CUST0110,15-04-2023,22-08-2024,South,Electronics,0,,,0,115.57
CUST0111,27-05-2022,28-04-2025,South,Books,1,01-04-2025,Loyalty Offer,1,212.29
CUST0112,29-09-2022,23-05-2025,West,Books,1,01-04-2025,App Notification,1,242.97
CUST0113,23-05-2022,03-04-2025,North,Electronics,1,01-04-2025,Discount Email,1,249.16
CUST0114,10-09-2022,21-05-2025,West,Electronics,1,01-04-2025,Discount Email,1,123.95
CUST0115,29-07-2023,29-05-2025,West,Beauty,1,01-04-2025,SMS Reminder,1,308.55
CUST0116,06-07-2023,01-02-2025,East,Home,0,,,0,264.59
CUST0117,27-09-2022,05-05-2025,West,Beauty,1,01-04-2025,Loyalty Offer,1,324.68
CUST0118,22-08-2023,26-11-2024,South,Home,1,01-04-2025,App Notification,0,11.97
CUST0119,15-03-2023,26-04-2025,East,Apparel,1,01-04-2025,Loyalty Offer,1,376.29
CUST0120,21-08-2023,05-05-2025,North,Electronics,1,01-04-2025,Loyalty Offer,1,203.32
CUST0121,13-02-2023,28-08-2024,South,Home,0,,,0,185.9
CUST0122,06-01-2023,09-05-2023,East,Books,1,01-04-2025,SMS Reminder,0,12.32
CUST0123,13-08-2022,13-05-2025,East,Books,1,01-04-2025,App Notification,1,473.6
CUST0124,22-05-2022,17-04-2025,East,Home,1,01-04-2025,Loyalty Offer,1,412.42
CUST0125,06-06-2023,17-05-2025,West,Books,1,01-04-2025,Loyalty Offer,1,307.74
CUST0126,21-05-2023,05-05-2025,West,Electronics,1,01-04-2025,SMS Reminder,1,312.07
CUST0127,04-04-2022,28-04-2025,West,Apparel,1,01-04-2025,Discount Email,1,86.88
CUST0128,18-02-2022,25-04-2025,West,Home,1,01-04-2025,App Notification,1,354.57
CUST0129,23-04-2022,30-04-2025,West,Apparel,1,01-04-2025,App Notification,1,360.06
CUST0130,06-06-2022,17-05-2025,South,Beauty,1,01-04-2025,Discount Email,1,255.97
CUST0131,05-10-2023,07-05-2025,West,Electronics,1,01-04-2025,Discount Email,1,216.2
CUST0132,13-06-2022,04-04-2025,East,Home,1,01-04-2025,Discount Email,1,285.25
CUST0133,28-11-2023,13-10-2024,North,Apparel,0,,,0,102.31
CUST0134,09-03-2023,05-04-2025,East,Apparel,1,01-04-2025,SMS Reminder,1,471.57
CUST0135,03-09-2023,02-04-2025,North,Electronics,1,01-04-2025,SMS Reminder,1,105.05
CUST0136,07-03-2022,08-05-2025,West,Beauty,1,01-04-2025,SMS Reminder,1,253.57
CUST0137,30-01-2023,24-06-2023,West,Beauty,0,,,0,233.35
CUST0138,26-01-2023,18-05-2025,West,Apparel,1,01-04-2025,App Notification,1,196.35
CUST0139,03-09-2023,25-08-2024,West,Home,0,,,0,171.48
CUST0140,25-04-2023,30-05-2023,North,Books,1,01-04-2025,SMS Reminder,0,10.72
CUST0141,26-06-2023,10-01-2025,South,Beauty,1,01-04-2025,Discount Email,0,10.77
CUST0142,15-09-2022,14-05-2025,North,Home,1,01-04-2025,Loyalty Offer,1,471.28
CUST0143,21-07-2023,17-05-2025,North,Books,1,01-04-2025,App Notification,1,427.51
CUST0144,12-01-2022,04-04-2025,East,Beauty,1,01-04-2025,Discount Email,1,271.16
CUST0145,28-11-2023,05-05-2025,North,Electronics,1,01-04-2025,SMS Reminder,1,192.82
CUST0146,28-04-2022,13-11-2023,South,Apparel,0,,,0,67.08
CUST0147,30-11-2023,21-04-2025,North,Books,1,01-04-2025,Loyalty Offer,1,478.47
CUST0148,04-07-2023,15-01-2024,North,Home,0,,,0,27.61
CUST0149,01-10-2022,28-04-2025,West,Electronics,1,01-04-2025,SMS Reminder,1,451.85
CUST0150,19-10-2023,10-05-2025,West,Electronics,1,01-04-2025,App Notification,1,313.71
CUST0151,15-12-2022,07-05-2025,North,Beauty,1,01-04-2025,App Notification,1,233.18
CUST0152,25-04-2022,24-05-2022,South,Books,1,01-04-2025,Discount Email,0,7.69
CUST0153,28-10-2022,08-05-2025,South,Apparel,1,01-04-2025,Discount Email,1,233.04
CUST0154,22-03-2023,08-12-2023,West,Electronics,1,01-04-2025,App Notification,0,10.38
CUST0155,11-06-2022,25-05-2025,North,Electronics,1,01-04-2025,Loyalty Offer,1,329.33
CUST0156,10-04-2023,25-08-2024,East,Beauty,0,,,0,96.52
CUST0157,04-01-2022,19-08-2022,East,Electronics,0,,,0,183.84
CUST0158,27-09-2022,06-04-2025,North,Apparel,1,01-04-2025,App Notification,1,185.29
CUST0159,28-05-2023,22-08-2024,East,Home,1,01-04-2025,SMS Reminder,0,7.11
CUST0160,02-07-2022,18-10-2023,East,Home,0,,,0,96.44
CUST0161,04-06-2023,15-05-2024,North,Books,1,01-04-2025,Loyalty Offer,0,5.16
CUST0162,19-04-2022,23-10-2022,West,Books,1,01-04-2025,App Notification,0,9.13
CUST0163,03-10-2023,31-12-2023,North,Home,1,01-04-2025,App Notification,0,10.39
CUST0164,02-11-2022,02-12-2023,East,Beauty,0,,,0,251.69
CUST0165,17-10-2023,16-05-2025,West,Home,1,01-04-2025,Discount Email,1,492.71
CUST0166,04-06-2023,11-09-2024,North,Home,0,,,0,22.62
CUST0167,16-09-2023,14-04-2025,South,Apparel,1,01-04-2025,SMS Reminder,1,90.48
CUST0168,23-07-2022,08-08-2023,West,Books,0,,,0,30.3
CUST0169,06-06-2022,24-05-2025,East,Books,1,01-04-2025,Discount Email,1,337.3
CUST0170,18-01-2023,14-04-2025,North,Books,1,01-04-2025,Loyalty Offer,1,346.93
CUST0171,15-06-2022,18-04-2025,East,Apparel,1,01-04-2025,Loyalty Offer,1,470.1
CUST0172,07-07-2023,09-08-2023,East,Books,0,,,0,297.75
CUST0173,28-06-2023,10-07-2023,North,Home,0,,,0,282.61
CUST0174,01-01-2022,18-10-2022,West,Home,1,01-04-2025,App Notification,0,6.22
CUST0175,06-09-2023,18-05-2025,West,Books,1,01-04-2025,SMS Reminder,1,151.05
CUST0176,28-11-2022,14-04-2025,South,Beauty,1,01-04-2025,Discount Email,1,200.62
CUST0177,16-05-2023,05-02-2024,East,Home,0,,,0,75.13
CUST0178,20-01-2022,03-04-2025,East,Home,1,01-04-2025,Discount Email,1,265.98
CUST0179,25-04-2022,23-04-2025,South,Electronics,1,01-04-2025,SMS Reminder,1,424.63
CUST0180,07-01-2023,20-05-2025,North,Electronics,1,01-04-2025,App Notification,1,93.05
CUST0181,11-11-2022,25-12-2022,North,Apparel,0,,,0,125.67
CUST0182,03-09-2022,08-11-2022,North,Electronics,1,01-04-2025,App Notification,0,8.01
CUST0183,01-03-2022,20-04-2025,North,Books,1,01-04-2025,App Notification,1,432.47
CUST0184,04-09-2022,10-05-2025,West,Beauty,1,01-04-2025,Discount Email,1,404.36
CUST0185,04-08-2023,11-05-2025,North,Beauty,1,01-04-2025,SMS Reminder,1,328.65
CUST0186,22-03-2022,08-04-2025,South,Books,1,01-04-2025,Discount Email,1,96.21
CUST0187,29-03-2022,24-04-2025,South,Apparel,1,01-04-2025,App Notification,1,239.45
CUST0188,13-05-2023,10-04-2025,East,Home,1,01-04-2025,App Notification,1,190.25
CUST0189,12-03-2022,11-04-2025,East,Home,1,01-04-2025,SMS Reminder,1,116.33
CUST0190,30-06-2023,09-05-2025,North,Apparel,1,01-04-2025,Loyalty Offer,1,345.95
CUST0191,09-05-2022,13-07-2022,South,Apparel,1,01-04-2025,Loyalty Offer,0,9.22
CUST0192,12-05-2022,14-05-2025,East,Books,1,01-04-2025,App Notification,1,264.08
CUST0193,07-11-2023,21-04-2025,North,Beauty,1,01-04-2025,Loyalty Offer,1,238.41
CUST0194,02-05-2023,24-06-2023,North,Apparel,0,,,0,158.86
CUST0195,17-07-2023,15-04-2025,West,Apparel,1,01-04-2025,SMS Reminder,1,157.56
CUST0196,19-06-2022,05-07-2022,East,Electronics,1,01-04-2025,Discount Email,0,8.63
CUST0197,29-09-2022,30-04-2025,North,Electronics,1,01-04-2025,SMS Reminder,1,137.48
CUST0198,25-06-2023,16-04-2025,East,Books,1,01-04-2025,Loyalty Offer,1,448.42
CUST0199,14-09-2023,13-04-2025,North,Apparel,1,01-04-2025,Discount Email,1,429.3
CUST0200,10-03-2023,09-04-2025,East,Beauty,1,01-04-2025,Loyalty Offer,1,202.27
CUST0201,05-08-2022,06-02-2023,North,Electronics,1,01-04-2025,App Notification,0,14.41
CUST0202,07-07-2023,27-01-2024,East,Home,1,01-04-2025,App Notification,0,6.92
CUST0203,25-07-2022,11-04-2023,East,Apparel,1,01-04-2025,Loyalty Offer,0,14.21
CUST0204,16-11-2022,22-05-2025,West,Apparel,1,01-04-2025,Loyalty Offer,1,176.03
CUST0205,13-02-2023,22-05-2025,South,Books,1,01-04-2025,Discount Email,1,348.58
CUST0206,19-11-2023,26-03-2025,South,Home,1,01-04-2025,App Notification,0,9.99
CUST0207,28-10-2023,02-05-2025,West,Home,1,01-04-2025,App Notification,1,372.04
CUST0208,18-01-2023,22-05-2025,South,Apparel,1,01-04-2025,Discount Email,1,312.79
CUST0209,25-03-2023,09-07-2024,West,Apparel,0,,,0,261.69
CUST0210,14-06-2023,29-01-2025,East,Books,1,01-04-2025,SMS Reminder,0,6.57
CUST0211,08-04-2023,20-04-2025,South,Books,1,01-04-2025,SMS Reminder,1,250.03
CUST0212,04-05-2022,23-04-2025,West,Beauty,1,01-04-2025,App Notification,1,241.75
CUST0213,11-09-2022,19-04-2025,West,Apparel,1,01-04-2025,Loyalty Offer,1,222.07
CUST0214,19-08-2022,29-05-2025,East,Apparel,1,01-04-2025,Discount Email,1,87.09
CUST0215,07-03-2022,04-04-2025,South,Home,1,01-04-2025,SMS Reminder,1,295.71
CUST0216,13-12-2022,21-05-2025,South,Books,1,01-04-2025,SMS Reminder,1,357.59
CUST0217,22-01-2022,11-08-2023,North,Home,0,,,0,275.47
CUST0218,26-08-2023,27-04-2025,West,Books,1,01-04-2025,Discount Email,1,475.62
CUST0219,22-07-2023,31-12-2023,South,Apparel,0,,,0,262.33
CUST0220,24-08-2022,16-04-2025,West,Home,1,01-04-2025,App Notification,1,282.12
CUST0221,26-08-2023,14-04-2025,South,Beauty,1,01-04-2025,App Notification,1,242.96
CUST0222,14-08-2022,25-04-2025,East,Electronics,1,01-04-2025,Loyalty Offer,1,112.53
CUST0223,08-01-2022,24-04-2025,West,Beauty,1,01-04-2025,App Notification,1,202.92
CUST0224,14-03-2022,21-04-2025,North,Apparel,1,01-04-2025,Discount Email,1,196.74
CUST0225,09-10-2023,21-09-2024,West,Apparel,1,01-04-2025,App Notification,0,10.68
CUST0226,02-03-2022,16-05-2022,South,Beauty,0,,,0,169.66
CUST0227,23-08-2022,30-04-2025,North,Apparel,1,01-04-2025,SMS Reminder,1,337.55
CUST0228,11-03-2022,04-04-2025,North,Apparel,1,01-04-2025,App Notification,1,421.91
CUST0229,02-02-2022,14-03-2023,East,Books,1,01-04-2025,Loyalty Offer,0,7.84
CUST0230,05-12-2022,05-05-2025,West,Beauty,1,01-04-2025,SMS Reminder,1,54.97
CUST0231,14-03-2022,06-05-2025,West,Apparel,1,01-04-2025,Discount Email,1,238.29
CUST0232,11-06-2023,29-04-2025,South,Books,1,01-04-2025,App Notification,1,418.05
CUST0233,01-09-2022,14-04-2025,East,Apparel,1,01-04-2025,App Notification,1,276.11
CUST0234,13-10-2022,06-04-2025,East,Books,1,01-04-2025,Loyalty Offer,1,421.06
CUST0235,17-11-2023,12-03-2025,North,Electronics,0,,,0,149.55
CUST0236,13-05-2023,01-09-2024,West,Books,1,01-04-2025,SMS Reminder,0,8.47
CUST0237,08-08-2022,13-02-2023,South,Books,0,,,0,136.21
CUST0238,07-07-2023,30-05-2025,West,Electronics,1,01-04-2025,Discount Email,1,346.59
CUST0239,16-05-2022,02-03-2023,North,Apparel,1,01-04-2025,SMS Reminder,0,13.83
CUST0240,08-08-2023,12-10-2024,North,Home,0,,,0,297.87
CUST0241,14-08-2023,21-05-2025,West,Apparel,1,01-04-2025,App Notification,1,400.78
CUST0242,30-04-2023,01-05-2025,West,Home,1,01-04-2025,App Notification,1,62.02
CUST0243,06-09-2022,27-10-2023,North,Apparel,1,01-04-2025,SMS Reminder,0,5.38
CUST0244,30-04-2023,03-05-2025,South,Beauty,1,01-04-2025,Discount Email,1,257.61
CUST0245,21-02-2023,15-08-2023,North,Apparel,1,01-04-2025,Discount Email,0,6.71
CUST0246,14-07-2022,27-04-2025,East,Apparel,1,01-04-2025,Discount Email,1,125.8
CUST0247,07-04-2022,17-05-2025,West,Electronics,1,01-04-2025,Loyalty Offer,1,65.5
CUST0248,10-04-2022,07-10-2023,North,Beauty,0,,,0,199.48
CUST0249,06-11-2023,10-05-2025,South,Apparel,1,01-04-2025,App Notification,1,52.1
CUST0250,18-03-2023,07-04-2025,North,Home,1,01-04-2025,Discount Email,1,57.22
CUST0251,29-12-2022,13-03-2023,North,Apparel,0,,,0,81.76
CUST0252,10-03-2023,04-05-2025,East,Books,1,01-04-2025,SMS Reminder,1,98.46
CUST0253,25-02-2023,31-05-2025,North,Apparel,1,01-04-2025,App Notification,1,293.77
CUST0254,24-04-2023,13-04-2025,North,Beauty,1,01-04-2025,SMS Reminder,1,56.75
CUST0255,25-02-2022,14-05-2025,North,Electronics,1,01-04-2025,SMS Reminder,1,416.79
CUST0256,21-11-2023,24-01-2025,West,Electronics,0,,,0,104.43
CUST0257,01-11-2023,31-05-2025,East,Electronics,1,01-04-2025,Loyalty Offer,1,432.71
CUST0258,24-10-2023,04-12-2024,East,Apparel,1,01-04-2025,Loyalty Offer,0,11.78
CUST0259,11-04-2022,12-03-2023,North,Home,1,01-04-2025,App Notification,0,14.78
CUST0260,04-03-2022,16-06-2023,North,Apparel,1,01-04-2025,Loyalty Offer,0,8.82
CUST0261,17-02-2023,09-04-2025,South,Books,1,01-04-2025,App Notification,1,188.98
CUST0262,14-12-2022,03-05-2025,West,Apparel,1,01-04-2025,Loyalty Offer,1,183.48
CUST0263,22-04-2022,18-05-2025,East,Apparel,1,01-04-2025,App Notification,1,319.13
CUST0264,12-09-2022,20-05-2025,East,Electronics,1,01-04-2025,App Notification,1,67.82
CUST0265,16-07-2022,23-04-2025,South,Apparel,1,01-04-2025,Discount Email,1,159.01
CUST0266,14-07-2022,22-04-2025,North,Beauty,1,01-04-2025,Discount Email,1,132.6
CUST0267,04-07-2023,12-05-2025,South,Electronics,1,01-04-2025,Loyalty Offer,1,496.41
CUST0268,05-04-2023,22-05-2025,North,Beauty,1,01-04-2025,Loyalty Offer,1,469.32
CUST0269,24-05-2022,18-05-2025,South,Books,1,01-04-2025,App Notification,1,138.89
CUST0270,09-03-2023,30-04-2025,East,Beauty,1,01-04-2025,Loyalty Offer,1,485.48
CUST0271,07-07-2022,28-08-2023,West,Beauty,1,01-04-2025,App Notification,0,8.78
CUST0272,13-10-2022,20-05-2025,North,Beauty,1,01-04-2025,App Notification,1,120.15
CUST0273,19-04-2023,30-05-2025,South,Home,1,01-04-2025,Loyalty Offer,1,464.69
CUST0274,13-09-2022,20-04-2025,North,Home,1,01-04-2025,App Notification,1,218.82
CUST0275,19-03-2022,11-04-2025,North,Books,1,01-04-2025,Discount Email,1,462.26
CUST0276,30-03-2023,27-04-2025,East,Beauty,1,01-04-2025,App Notification,1,466.56
CUST0277,18-07-2023,09-05-2025,North,Beauty,1,01-04-2025,Discount Email,1,82.06
CUST0278,11-04-2022,04-10-2022,West,Home,0,,,0,74.38
CUST0279,21-02-2022,24-04-2025,East,Electronics,1,01-04-2025,App Notification,1,279.32
CUST0280,30-10-2023,18-07-2024,East,Electronics,1,01-04-2025,Discount Email,0,7.42
CUST0281,08-07-2023,18-04-2025,East,Apparel,1,01-04-2025,Loyalty Offer,1,322.45
CUST0282,16-01-2022,10-07-2022,West,Beauty,1,01-04-2025,Discount Email,0,5.12
CUST0283,06-04-2022,07-07-2022,West,Apparel,1,01-04-2025,Loyalty Offer,0,10.19
CUST0284,31-08-2022,26-05-2023,West,Books,0,,,0,213.71
CUST0285,20-06-2022,28-05-2025,North,Books,1,01-04-2025,Discount Email,1,465.94
CUST0286,21-02-2023,11-04-2025,West,Home,1,01-04-2025,Loyalty Offer,1,171.06
CUST0287,13-05-2023,03-05-2025,West,Books,1,01-04-2025,Discount Email,1,50.71
CUST0288,08-05-2023,29-04-2025,South,Apparel,1,01-04-2025,SMS Reminder,1,126.79
CUST0289,07-08-2022,09-04-2025,South,Apparel,1,01-04-2025,Loyalty Offer,1,252.8
CUST0290,15-02-2023,20-05-2025,West,Books,1,01-04-2025,App Notification,1,136.35
CUST0291,02-03-2022,07-04-2025,North,Home,1,01-04-2025,App Notification,1,181.91
CUST0292,18-06-2022,17-04-2025,North,Electronics,1,01-04-2025,Discount Email,1,265.05
CUST0293,24-01-2023,17-03-2023,West,Books,1,01-04-2025,Discount Email,0,5.97
CUST0294,03-01-2022,12-10-2022,East,Books,1,01-04-2025,App Notification,0,14.32
CUST0295,04-02-2023,28-05-2025,South,Home,1,01-04-2025,SMS Reminder,1,204.38
CUST0296,29-09-2022,05-04-2025,North,Electronics,1,01-04-2025,SMS Reminder,1,488.89
CUST0297,11-04-2023,18-05-2025,North,Books,1,01-04-2025,Loyalty Offer,1,425.94
CUST0298,20-10-2022,16-05-2025,East,Beauty,1,01-04-2025,Loyalty Offer,1,388.15
CUST0299,10-03-2023,02-05-2025,North,Home,1,01-04-2025,Loyalty Offer,1,281.71
CUST0300,24-07-2023,04-04-2025,West,Apparel,1,01-04-2025,SMS Reminder,1,486.32
CUST0301,09-11-2023,11-05-2025,West,Beauty,1,01-04-2025,SMS Reminder,1,407.28
CUST0302,14-05-2023,03-09-2023,East,Books,0,,,0,225.6
CUST0303,08-06-2022,05-05-2025,South,Beauty,1,01-04-2025,Discount Email,1,444.31
CUST0304,14-07-2022,15-05-2025,South,Beauty,1,01-04-2025,App Notification,1,498.34
CUST0305,31-10-2022,17-03-2024,South,Apparel,0,,,0,205.54
CUST0306,11-08-2022,14-05-2025,West,Electronics,1,01-04-2025,Discount Email,1,364.96
CUST0307,01-03-2022,07-04-2023,East,Beauty,1,01-04-2025,Loyalty Offer,0,12.66
CUST0308,17-08-2023,31-12-2023,West,Electronics,0,,,0,206.33
CUST0309,10-07-2023,16-04-2025,East,Beauty,1,01-04-2025,Discount Email,1,469.3
CUST0310,04-03-2022,08-04-2023,West,Apparel,0,,,0,203.1
CUST0311,18-11-2022,07-04-2025,South,Electronics,1,01-04-2025,SMS Reminder,1,100.12
CUST0312,28-02-2022,22-04-2025,East,Electronics,1,01-04-2025,Discount Email,1,479.33
CUST0313,21-02-2022,26-04-2025,East,Apparel,1,01-04-2025,SMS Reminder,1,490.93
CUST0314,22-08-2023,16-04-2025,West,Home,1,01-04-2025,Discount Email,1,97.96
CUST0315,04-05-2023,24-12-2023,South,Books,1,01-04-2025,App Notification,0,10
CUST0316,30-05-2023,26-05-2025,East,Home,1,01-04-2025,Discount Email,1,410.58
CUST0317,28-06-2023,19-04-2025,South,Beauty,1,01-04-2025,App Notification,1,498.58
CUST0318,11-06-2022,20-08-2022,South,Apparel,1,01-04-2025,SMS Reminder,0,14.81
CUST0319,28-02-2022,26-10-2022,North,Apparel,0,,,0,216.11
CUST0320,05-06-2023,20-07-2024,South,Electronics,0,,,0,103.75
CUST0321,24-03-2022,15-05-2025,West,Beauty,1,01-04-2025,SMS Reminder,1,263.04
CUST0322,10-07-2022,20-04-2025,West,Electronics,1,01-04-2025,Loyalty Offer,1,363.37
CUST0323,12-03-2022,09-05-2025,East,Beauty,1,01-04-2025,Discount Email,1,439.63
CUST0324,02-09-2023,30-04-2025,South,Apparel,1,01-04-2025,SMS Reminder,1,363.18
CUST0325,11-03-2022,19-05-2025,North,Apparel,1,01-04-2025,SMS Reminder,1,343.06
CUST0326,23-11-2023,23-05-2024,East,Beauty,1,01-04-2025,Discount Email,0,14.26
CUST0327,29-08-2022,04-05-2025,South,Beauty,1,01-04-2025,App Notification,1,342.54
CUST0328,18-02-2023,27-04-2025,West,Electronics,1,01-04-2025,Loyalty Offer,1,269.88
CUST0329,03-05-2022,08-06-2023,East,Electronics,1,01-04-2025,App Notification,0,7.75
CUST0330,07-08-2023,03-05-2025,North,Books,1,01-04-2025,Loyalty Offer,1,338.63
CUST0331,10-09-2022,19-04-2025,South,Beauty,1,01-04-2025,Discount Email,1,362.18
CUST0332,16-08-2023,29-04-2025,North,Home,1,01-04-2025,Loyalty Offer,1,184.26
CUST0333,01-09-2023,14-03-2025,West,Books,1,01-04-2025,Discount Email,0,6.85
CUST0334,10-02-2022,16-08-2023,North,Apparel,0,,,0,156.8
CUST0335,27-09-2023,04-02-2024,South,Electronics,0,,,0,70.59
CUST0336,25-03-2022,07-08-2022,South,Electronics,1,01-04-2025,Loyalty Offer,0,5.39
CUST0337,06-03-2023,20-04-2023,East,Home,1,01-04-2025,Discount Email,0,5.85
CUST0338,05-11-2023,08-05-2024,North,Apparel,0,,,0,138.45
CUST0339,21-08-2023,12-02-2025,West,Apparel,1,01-04-2025,SMS Reminder,0,14.05
CUST0340,02-08-2023,05-05-2025,South,Electronics,1,01-04-2025,SMS Reminder,1,459.85
CUST0341,20-06-2023,04-04-2025,South,Apparel,1,01-04-2025,SMS Reminder,1,134.63
CUST0342,20-11-2022,24-04-2025,North,Books,1,01-04-2025,App Notification,1,174.83
CUST0343,25-09-2022,29-05-2025,North,Home,1,01-04-2025,App Notification,1,123.49
CUST0344,29-07-2022,01-01-2023,East,Apparel,1,01-04-2025,Discount Email,0,10.36
CUST0345,17-11-2023,13-05-2025,West,Apparel,1,01-04-2025,Loyalty Offer,1,419.23
CUST0346,18-11-2022,26-04-2025,North,Home,1,01-04-2025,Loyalty Offer,1,61.66
CUST0347,02-09-2022,07-05-2025,North,Home,1,01-04-2025,SMS Reminder,1,233.05
CUST0348,29-09-2022,15-07-2023,South,Home,0,,,0,60.97
CUST0349,10-02-2023,16-04-2025,North,Apparel,1,01-04-2025,Discount Email,1,220.38
CUST0350,15-05-2022,08-10-2023,East,Books,1,01-04-2025,SMS Reminder,0,5.96
CUST0351,19-11-2023,05-04-2025,South,Home,1,01-04-2025,App Notification,1,126.84
CUST0352,23-10-2023,29-04-2025,West,Beauty,0,,,0,174.47
CUST0353,04-11-2022,15-05-2025,South,Apparel,1,01-04-2025,Loyalty Offer,1,281.1
CUST0354,14-04-2023,05-04-2025,South,Books,1,01-04-2025,SMS Reminder,1,463.3
CUST0355,20-11-2022,30-04-2025,East,Home,1,01-04-2025,App Notification,1,493.81
CUST0356,16-03-2022,10-09-2023,South,Home,0,,,0,283.67
CUST0357,10-01-2022,21-04-2025,North,Electronics,1,01-04-2025,SMS Reminder,1,232.93
CUST0358,15-04-2023,07-04-2025,North,Home,1,01-04-2025,Discount Email,1,124.3
CUST0359,29-09-2023,27-05-2025,South,Beauty,1,01-04-2025,App Notification,1,54.81
CUST0360,31-07-2023,15-05-2025,West,Electronics,1,01-04-2025,Discount Email,1,449.64
CUST0361,13-04-2022,30-04-2022,South,Books,1,01-04-2025,SMS Reminder,0,12.14
CUST0362,17-03-2022,30-04-2025,South,Electronics,1,01-04-2025,Loyalty Offer,1,484.09
CUST0363,05-07-2023,24-04-2025,West,Beauty,1,01-04-2025,App Notification,1,478.62
CUST0364,07-08-2022,29-07-2023,North,Home,1,01-04-2025,Loyalty Offer,0,14.14
CUST0365,03-06-2023,15-04-2025,South,Home,1,01-04-2025,App Notification,1,51.01
CUST0366,29-09-2022,19-03-2024,North,Beauty,0,,,0,251.2
CUST0367,16-05-2022,07-10-2023,North,Books,0,,,0,36.1
CUST0368,24-12-2022,08-04-2025,West,Home,1,01-04-2025,Loyalty Offer,1,52.32
CUST0369,12-03-2022,14-04-2025,West,Electronics,1,01-04-2025,Loyalty Offer,1,88.13
CUST0370,08-09-2022,25-09-2022,East,Apparel,0,,,0,63.58
CUST0371,14-01-2023,25-04-2025,East,Electronics,1,01-04-2025,Loyalty Offer,1,242.75
CUST0372,19-10-2022,21-01-2024,East,Beauty,0,,,0,65.31
CUST0373,11-06-2022,10-01-2023,North,Apparel,1,01-04-2025,SMS Reminder,0,6.11
CUST0374,25-03-2023,29-05-2025,West,Home,1,01-04-2025,Loyalty Offer,1,64.22
CUST0375,11-07-2023,03-05-2025,East,Beauty,1,01-04-2025,Loyalty Offer,1,409.92
CUST0376,06-11-2022,19-12-2023,North,Apparel,1,01-04-2025,Discount Email,0,6.31
CUST0377,19-09-2023,21-05-2025,East,Beauty,1,01-04-2025,Discount Email,1,358
CUST0378,01-11-2023,19-11-2023,East,Home,0,,,0,141.61
CUST0379,26-06-2023,17-04-2025,South,Home,1,01-04-2025,Loyalty Offer,1,327.93
CUST0380,09-01-2022,29-09-2022,South,Beauty,1,01-04-2025,App Notification,0,11.66
CUST0381,15-11-2023,22-03-2025,South,Electronics,1,01-04-2025,Loyalty Offer,0,6.81
CUST0382,22-07-2023,14-04-2025,North,Books,1,01-04-2025,App Notification,1,468.09
CUST0383,03-11-2022,07-12-2023,South,Apparel,1,01-04-2025,SMS Reminder,0,9.07
CUST0384,11-11-2023,04-05-2025,East,Electronics,1,01-04-2025,Discount Email,1,242.18
CUST0385,17-04-2022,24-04-2025,East,Electronics,1,01-04-2025,Loyalty Offer,1,370.21
CUST0386,18-05-2022,14-05-2025,East,Beauty,1,01-04-2025,Loyalty Offer,1,385.14
CUST0387,28-09-2022,29-04-2025,East,Home,1,01-04-2025,App Notification,1,133.18
CUST0388,29-04-2022,02-04-2025,East,Home,1,01-04-2025,Loyalty Offer,1,357.33
CUST0389,20-04-2022,21-05-2025,South,Home,1,01-04-2025,SMS Reminder,1,315.01
CUST0390,21-07-2023,28-05-2025,North,Books,1,01-04-2025,Discount Email,1,97.86
CUST0391,09-06-2022,31-12-2022,West,Electronics,0,,,0,74.02
CUST0392,06-10-2022,23-04-2025,South,Books,1,01-04-2025,App Notification,1,185.66
CUST0393,16-10-2022,14-04-2025,East,Home,1,01-04-2025,SMS Reminder,1,238.2
CUST0394,12-09-2023,30-05-2025,West,Books,1,01-04-2025,App Notification,1,246.26
CUST0395,04-08-2022,11-01-2024,South,Books,0,,,0,241.45
CUST0396,18-12-2022,20-10-2023,South,Beauty,1,01-04-2025,Discount Email,0,5.45
CUST0397,28-07-2022,04-05-2025,West,Books,1,01-04-2025,Loyalty Offer,1,487.19
CUST0398,12-10-2023,27-04-2025,South,Electronics,1,01-04-2025,Loyalty Offer,1,323.25
CUST0399,28-09-2022,16-05-2025,East,Home,1,01-04-2025,App Notification,1,53.99
CUST0400,02-06-2023,10-04-2024,North,Apparel,0,,,0,218.31
CUST0401,16-05-2023,20-04-2025,East,Apparel,1,01-04-2025,Loyalty Offer,1,67.59
CUST0402,15-09-2022,13-05-2025,North,Electronics,1,01-04-2025,Loyalty Offer,1,491.01
CUST0403,22-02-2022,25-04-2025,South,Beauty,1,01-04-2025,SMS Reminder,1,196.05
CUST0404,05-04-2022,10-02-2023,North,Electronics,0,,,0,110.9
CUST0405,12-10-2023,02-06-2024,East,Apparel,0,,,0,224.53
CUST0406,10-03-2023,14-05-2025,West,Home,1,01-04-2025,Discount Email,1,490.44
CUST0407,11-10-2022,07-05-2024,West,Apparel,0,,,0,77.72
CUST0408,15-02-2022,12-05-2025,South,Beauty,1,01-04-2025,App Notification,1,413.48
CUST0409,04-01-2022,25-04-2025,North,Beauty,1,01-04-2025,App Notification,1,116.75
CUST0410,08-12-2022,27-05-2025,South,Home,1,01-04-2025,App Notification,1,129.25
CUST0411,14-05-2022,13-04-2025,North,Apparel,1,01-04-2025,Loyalty Offer,1,417.87
CUST0412,15-10-2023,30-05-2025,North,Books,1,01-04-2025,App Notification,1,340.3
CUST0413,26-09-2022,02-04-2025,West,Electronics,1,01-04-2025,App Notification,1,321.48
CUST0414,15-06-2022,25-05-2025,South,Apparel,1,01-04-2025,Discount Email,1,340.02
CUST0415,29-03-2023,12-05-2025,North,Books,1,01-04-2025,Discount Email,1,319.84
CUST0416,19-07-2023,17-05-2025,West,Books,1,01-04-2025,Loyalty Offer,1,88.23
CUST0417,14-03-2023,07-09-2023,West,Apparel,0,,,0,106.07
CUST0418,29-07-2023,19-04-2025,North,Electronics,1,01-04-2025,Discount Email,1,332.37
CUST0419,10-01-2022,04-05-2025,South,Electronics,1,01-04-2025,App Notification,1,448.91
CUST0420,25-04-2022,29-05-2022,West,Apparel,0,,,0,83.47
CUST0421,19-03-2022,30-05-2025,North,Beauty,1,01-04-2025,App Notification,1,445.55
CUST0422,02-06-2022,08-04-2025,East,Electronics,1,01-04-2025,SMS Reminder,1,480.41
CUST0423,13-07-2023,31-05-2025,North,Books,1,01-04-2025,Discount Email,1,466.12
CUST0424,06-02-2022,23-04-2025,South,Home,1,01-04-2025,App Notification,1,319.83
CUST0425,14-01-2023,28-05-2025,East,Home,1,01-04-2025,App Notification,1,96.77
CUST0426,20-08-2023,16-11-2023,South,Apparel,0,,,0,240.88
CUST0427,20-07-2023,18-05-2025,North,Electronics,1,01-04-2025,App Notification,1,408.58
CUST0428,01-06-2022,23-03-2023,South,Apparel,1,01-04-2025,SMS Reminder,0,6.45
CUST0429,17-03-2023,03-05-2025,East,Apparel,1,01-04-2025,App Notification,1,240.72
CUST0430,11-05-2022,27-01-2023,West,Books,0,,,0,127.29
CUST0431,12-02-2022,24-05-2025,West,Books,1,01-04-2025,Discount Email,1,153.55
CUST0432,12-11-2022,19-05-2025,South,Home,1,01-04-2025,Discount Email,1,148.7
CUST0433,09-01-2023,05-02-2023,South,Electronics,1,01-04-2025,App Notification,0,8.62
CUST0434,10-02-2022,26-05-2025,East,Beauty,1,01-04-2025,Loyalty Offer,1,432.2
CUST0435,02-01-2023,18-03-2024,North,Apparel,1,01-04-2025,Loyalty Offer,0,7.42
CUST0436,04-08-2022,11-04-2025,West,Home,1,01-04-2025,Discount Email,1,219.86
CUST0437,30-11-2023,09-05-2025,North,Apparel,1,01-04-2025,Loyalty Offer,1,83.2
CUST0438,13-09-2022,06-04-2025,South,Apparel,1,01-04-2025,App Notification,1,55.61
CUST0439,14-11-2023,05-05-2025,West,Beauty,1,01-04-2025,SMS Reminder,1,364.35
CUST0440,16-04-2022,13-05-2025,North,Apparel,1,01-04-2025,SMS Reminder,1,362.86
CUST0441,29-12-2022,10-05-2025,North,Beauty,1,01-04-2025,Loyalty Offer,1,388.01
CUST0442,28-07-2023,14-11-2024,East,Books,0,,,0,175.16
CUST0443,21-02-2023,29-04-2025,North,Books,1,01-04-2025,SMS Reminder,1,469.15
CUST0444,28-09-2023,11-05-2024,South,Beauty,1,01-04-2025,Discount Email,0,9
CUST0445,08-06-2022,07-05-2025,West,Beauty,1,01-04-2025,Discount Email,1,322.29
CUST0446,31-08-2022,24-05-2025,East,Beauty,1,01-04-2025,Discount Email,1,221.21
CUST0447,16-06-2022,06-04-2025,North,Apparel,1,01-04-2025,SMS Reminder,1,213.22
CUST0448,01-07-2022,06-04-2025,East,Apparel,1,01-04-2025,Discount Email,1,145.36
CUST0449,27-02-2023,04-04-2025,North,Books,1,01-04-2025,Discount Email,1,158.15
CUST0450,26-01-2022,15-06-2023,East,Electronics,0,,,0,32.79
CUST0451,03-07-2022,21-07-2022,East,Beauty,0,,,0,294.55
CUST0452,07-12-2022,27-04-2025,North,Home,1,01-04-2025,Loyalty Offer,1,376.56
CUST0453,26-02-2023,08-04-2025,North,Books,1,01-04-2025,Loyalty Offer,1,275.98
CUST0454,17-11-2023,27-05-2025,South,Apparel,1,01-04-2025,SMS Reminder,1,433.41
CUST0455,12-09-2022,12-05-2025,South,Apparel,1,01-04-2025,Loyalty Offer,1,91.98
CUST0456,01-10-2022,04-05-2025,West,Apparel,1,01-04-2025,SMS Reminder,1,282.34
CUST0457,13-06-2022,26-05-2025,West,Apparel,1,01-04-2025,Discount Email,1,473.06
CUST0458,21-04-2022,06-04-2025,North,Electronics,1,01-04-2025,App Notification,1,481.11
CUST0459,27-01-2023,19-08-2024,West,Electronics,1,01-04-2025,Discount Email,0,13.68
CUST0460,09-02-2022,20-04-2025,East,Home,1,01-04-2025,SMS Reminder,1,122.66
CUST0461,27-04-2023,21-05-2025,East,Beauty,1,01-04-2025,App Notification,1,257.33
CUST0462,16-08-2022,09-04-2025,North,Home,1,01-04-2025,App Notification,1,487.26
CUST0463,24-07-2022,17-09-2023,South,Beauty,0,,,0,134.53
CUST0464,17-04-2023,13-03-2024,West,Home,1,01-04-2025,App Notification,0,8.74
CUST0465,25-12-2022,16-02-2023,North,Apparel,0,,,0,193.77
CUST0466,09-11-2022,11-04-2025,West,Apparel,1,01-04-2025,SMS Reminder,1,433.88
CUST0467,22-08-2022,17-04-2023,North,Home,1,01-04-2025,App Notification,0,8.88
CUST0468,17-08-2022,29-05-2025,North,Apparel,1,01-04-2025,Discount Email,1,418.23
CUST0469,25-01-2022,17-03-2023,West,Home,1,01-04-2025,Loyalty Offer,0,12.68
CUST0470,07-11-2023,10-05-2025,North,Home,1,01-04-2025,App Notification,1,268.83
CUST0471,17-07-2022,02-05-2025,East,Books,1,01-04-2025,Loyalty Offer,1,115.48
CUST0472,13-02-2023,26-04-2025,West,Beauty,1,01-04-2025,SMS Reminder,1,78.08
CUST0473,03-12-2022,03-04-2025,East,Home,1,01-04-2025,App Notification,1,478.69
CUST0474,13-10-2022,06-04-2025,East,Beauty,1,01-04-2025,Discount Email,1,173.26
CUST0475,13-03-2022,11-09-2023,East,Apparel,0,,,0,79.95
CUST0476,13-10-2022,25-01-2023,West,Home,0,,,0,270.59
CUST0477,26-12-2022,05-11-2023,East,Beauty,0,,,0,66.07
CUST0478,19-10-2023,22-05-2025,East,Books,1,01-04-2025,App Notification,1,122.31
CUST0479,06-06-2023,22-05-2025,North,Books,1,01-04-2025,Loyalty Offer,1,452.2
CUST0480,14-02-2023,24-05-2025,North,Apparel,1,01-04-2025,SMS Reminder,1,472.54
CUST0481,27-11-2023,06-05-2024,East,Electronics,0,,,0,159.84
CUST0482,04-07-2023,18-04-2025,West,Apparel,1,01-04-2025,Discount Email,1,284.31
CUST0483,06-12-2022,09-05-2025,South,Beauty,1,01-04-2025,Loyalty Offer,1,93.85
CUST0484,29-01-2022,10-05-2025,South,Apparel,1,01-04-2025,SMS Reminder,1,219.9
CUST0485,29-04-2022,20-12-2023,East,Home,0,,,0,287.43
CUST0486,25-09-2022,02-03-2024,West,Beauty,1,01-04-2025,Discount Email,0,13.19
CUST0487,02-07-2022,25-05-2025,North,Apparel,1,01-04-2025,SMS Reminder,1,294.11
CUST0488,18-08-2023,07-05-2025,West,Home,1,01-04-2025,App Notification,1,317.7
CUST0489,29-09-2022,30-12-2023,North,Electronics,0,,,0,197.55
CUST0490,09-02-2022,05-06-2022,North,Books,0,,,0,45.1
CUST0491,22-04-2022,16-08-2022,North,Beauty,0,,,0,158.99
CUST0492,03-09-2023,05-07-2024,South,Beauty,1,01-04-2025,Loyalty Offer,0,13.52
CUST0493,21-03-2023,26-05-2025,East,Beauty,1,01-04-2025,Discount Email,1,261.31
CUST0494,20-12-2022,08-02-2024,South,Books,1,01-04-2025,SMS Reminder,0,5.08
CUST0495,18-11-2022,25-08-2023,South,Electronics,1,01-04-2025,App Notification,0,8.07
CUST0496,23-03-2023,30-05-2024,North,Apparel,0,,,0,29.15
CUST0497,13-09-2023,07-03-2025,East,Apparel,1,01-04-2025,SMS Reminder,0,13.2
CUST0498,08-06-2023,31-08-2024,West,Apparel,0,,,0,87.71
CUST0499,29-04-2022,05-04-2025,South,Beauty,1,01-04-2025,App Notification,1,410.6
CUST0500,30-01-2023,05-08-2023,East,Books,0,,,0,132.87
CUST0501,14-08-2023,17-05-2025,West,Home,1,01-04-2025,Discount Email,1,410.53
CUST0502,14-07-2022,02-01-2023,South,Electronics,0,,,0,285.64
CUST0503,18-09-2022,12-05-2025,North,Books,1,01-04-2025,Loyalty Offer,1,396.51
CUST0504,15-02-2022,16-05-2022,South,Beauty,1,01-04-2025,Discount Email,0,10.72
CUST0505,23-03-2023,13-04-2025,East,Apparel,1,01-04-2025,Loyalty Offer,1,157.87
CUST0506,02-01-2022,21-05-2025,East,Electronics,1,01-04-2025,App Notification,1,413.19
CUST0507,17-06-2023,20-07-2023,North,Beauty,1,01-04-2025,Discount Email,0,11.38
CUST0508,06-07-2023,18-11-2023,East,Home,0,,,0,49.98
CUST0509,18-11-2023,02-03-2024,East,Apparel,0,,,0,41.67
CUST0510,21-07-2022,03-04-2025,North,Apparel,1,01-04-2025,App Notification,1,236.19
CUST0511,08-01-2023,22-04-2025,South,Apparel,1,01-04-2025,App Notification,1,335.1
CUST0512,18-03-2023,28-10-2024,North,Home,1,01-04-2025,Discount Email,0,11.31
CUST0513,13-03-2022,31-07-2023,North,Apparel,0,,,0,298.58
CUST0514,12-11-2023,09-04-2025,North,Books,1,01-04-2025,Discount Email,1,136.78
CUST0515,05-12-2022,27-05-2025,North,Home,1,01-04-2025,Loyalty Offer,1,214.2
CUST0516,01-10-2023,16-05-2025,East,Beauty,1,01-04-2025,SMS Reminder,1,472.93
CUST0517,18-11-2022,17-05-2025,West,Beauty,1,01-04-2025,SMS Reminder,1,298.17
CUST0518,11-11-2023,05-06-2024,East,Beauty,1,01-04-2025,Loyalty Offer,0,7.5
CUST0519,08-05-2022,09-05-2025,West,Beauty,1,01-04-2025,Loyalty Offer,1,190.21
CUST0520,04-11-2022,21-01-2024,East,Home,0,,,0,186.97
CUST0521,04-06-2023,29-04-2025,East,Electronics,1,01-04-2025,SMS Reminder,1,139.87
CUST0522,13-11-2022,29-04-2024,East,Books,1,01-04-2025,App Notification,0,7.53
CUST0523,14-11-2023,20-05-2025,North,Electronics,0,,,0,118.63
CUST0524,23-02-2023,22-05-2025,North,Apparel,1,01-04-2025,Loyalty Offer,1,133.66
CUST0525,01-12-2022,21-05-2025,East,Electronics,1,01-04-2025,Discount Email,1,191.5
CUST0526,17-02-2023,08-05-2025,North,Beauty,1,01-04-2025,Loyalty Offer,1,407.86
CUST0527,30-10-2022,15-04-2025,North,Books,1,01-04-2025,SMS Reminder,1,96.31
CUST0528,22-07-2023,05-10-2024,West,Home,0,,,0,211
CUST0529,11-05-2022,09-12-2022,West,Beauty,0,,,0,75.19
CUST0530,16-07-2022,09-04-2025,East,Books,1,01-04-2025,Loyalty Offer,1,105.84
CUST0531,07-03-2023,20-04-2025,West,Home,1,01-04-2025,Discount Email,1,58.03
CUST0532,12-11-2023,29-12-2023,East,Electronics,1,01-04-2025,Discount Email,0,13.96
CUST0533,24-01-2023,23-05-2025,East,Home,1,01-04-2025,SMS Reminder,1,236.79
CUST0534,25-11-2023,07-05-2025,North,Beauty,1,01-04-2025,App Notification,1,398.58
CUST0535,28-06-2022,25-11-2023,East,Books,1,01-04-2025,Discount Email,0,13.49
CUST0536,23-09-2023,24-05-2025,East,Beauty,1,01-04-2025,Discount Email,1,54.68
CUST0537,06-08-2023,18-05-2025,North,Electronics,1,01-04-2025,SMS Reminder,1,456.02
CUST0538,05-11-2022,09-04-2025,North,Home,1,01-04-2025,SMS Reminder,1,71.6
CUST0539,20-02-2023,23-05-2025,South,Books,1,01-04-2025,Loyalty Offer,1,220.8
CUST0540,16-07-2023,27-05-2025,West,Electronics,1,01-04-2025,App Notification,1,116.6
CUST0541,01-01-2022,02-05-2025,East,Beauty,1,01-04-2025,SMS Reminder,1,347.57
CUST0542,08-11-2022,20-04-2025,South,Apparel,1,01-04-2025,SMS Reminder,1,370.12
CUST0543,21-10-2022,03-05-2025,South,Beauty,1,01-04-2025,Discount Email,1,77.12
CUST0544,04-08-2022,22-02-2023,East,Apparel,0,,,0,156.54
CUST0545,17-03-2023,17-09-2024,East,Home,0,,,0,163.9
CUST0546,17-08-2023,26-05-2025,South,Home,1,01-04-2025,Loyalty Offer,1,277.03
CUST0547,14-09-2023,11-05-2025,South,Electronics,1,01-04-2025,App Notification,1,281.06
CUST0548,02-11-2023,21-04-2025,South,Beauty,1,01-04-2025,Discount Email,1,478.17
CUST0549,26-11-2022,28-03-2023,West,Apparel,0,,,0,87.36
CUST0550,22-04-2023,05-05-2025,North,Books,1,01-04-2025,SMS Reminder,1,253.69
CUST0551,29-03-2023,11-04-2025,East,Electronics,1,01-04-2025,App Notification,1,228.62
CUST0552,29-03-2023,05-04-2025,South,Home,1,01-04-2025,App Notification,1,341.88
CUST0553,23-11-2023,19-04-2025,West,Electronics,1,01-04-2025,App Notification,1,288.3
CUST0554,07-08-2022,09-04-2025,North,Books,1,01-04-2025,Discount Email,1,148.81
CUST0555,08-06-2023,08-04-2025,West,Beauty,1,01-04-2025,App Notification,1,173.96
CUST0556,30-04-2023,28-05-2025,South,Apparel,1,01-04-2025,App Notification,1,361.26
CUST0557,23-06-2022,20-04-2025,North,Electronics,1,01-04-2025,SMS Reminder,1,367.63
CUST0558,06-11-2023,18-03-2025,South,Home,1,01-04-2025,Loyalty Offer,0,12.39
CUST0559,28-03-2022,23-04-2025,North,Beauty,1,01-04-2025,Loyalty Offer,1,454.94
CUST0560,18-10-2022,18-04-2025,North,Books,1,01-04-2025,Loyalty Offer,1,446.57
CUST0561,12-06-2023,02-04-2025,West,Electronics,1,01-04-2025,Loyalty Offer,1,269.74
CUST0562,11-11-2023,15-05-2025,South,Apparel,1,01-04-2025,Loyalty Offer,1,495.69
CUST0563,11-10-2023,23-05-2025,West,Home,1,01-04-2025,App Notification,1,381.28
CUST0564,27-09-2023,26-06-2024,East,Home,0,,,0,205.75
CUST0565,10-12-2022,24-10-2023,North,Home,1,01-04-2025,App Notification,0,12.1
CUST0566,06-04-2022,03-04-2025,South,Apparel,1,01-04-2025,App Notification,1,116.56
CUST0567,29-08-2022,08-05-2025,East,Apparel,1,01-04-2025,App Notification,1,383.46
CUST0568,20-11-2023,26-04-2025,West,Books,1,01-04-2025,SMS Reminder,1,337.43
CUST0569,14-11-2022,16-11-2023,West,Home,1,01-04-2025,App Notification,0,13.88
CUST0570,19-08-2022,05-05-2025,West,Beauty,1,01-04-2025,Discount Email,1,365.83
CUST0571,23-07-2022,24-04-2025,West,Apparel,1,01-04-2025,Discount Email,1,179.78
CUST0572,31-05-2022,20-04-2025,East,Beauty,1,01-04-2025,Loyalty Offer,1,330.71
CUST0573,26-01-2022,02-04-2025,East,Books,1,01-04-2025,Loyalty Offer,1,254.24
CUST0574,17-02-2022,02-04-2025,North,Home,1,01-04-2025,Discount Email,1,243.65
CUST0575,08-09-2022,14-02-2024,North,Home,1,01-04-2025,Loyalty Offer,0,11.65
CUST0576,02-05-2023,29-04-2025,East,Apparel,1,01-04-2025,Discount Email,1,313.35
CUST0577,18-09-2023,08-06-2024,West,Beauty,1,01-04-2025,App Notification,0,13.12
CUST0578,16-03-2022,04-07-2022,East,Books,0,,,0,270.05
CUST0579,12-04-2023,15-05-2025,South,Home,1,01-04-2025,Loyalty Offer,1,444.17
CUST0580,01-03-2023,21-04-2025,West,Books,1,01-04-2025,SMS Reminder,1,187.25
CUST0581,07-10-2023,25-05-2025,West,Home,1,01-04-2025,Loyalty Offer,1,246.6
CUST0582,13-08-2023,24-04-2025,West,Beauty,1,01-04-2025,App Notification,1,260.77
CUST0583,19-07-2022,13-11-2023,North,Beauty,0,,,0,27.75
CUST0584,29-01-2023,30-05-2025,East,Apparel,1,01-04-2025,Loyalty Offer,1,186.08
CUST0585,22-05-2023,27-03-2024,South,Beauty,1,01-04-2025,App Notification,0,5.54
CUST0586,14-02-2023,20-05-2025,North,Electronics,1,01-04-2025,App Notification,1,443.71
CUST0587,07-09-2022,04-01-2023,East,Books,1,01-04-2025,Discount Email,0,8.33
CUST0588,01-06-2022,05-04-2025,South,Books,1,01-04-2025,Discount Email,1,104.65
CUST0589,03-11-2023,03-05-2025,East,Home,1,01-04-2025,Loyalty Offer,1,111.38
CUST0590,06-01-2022,27-05-2023,North,Electronics,1,01-04-2025,Loyalty Offer,0,11.24
CUST0591,20-04-2022,09-04-2025,South,Electronics,1,01-04-2025,Loyalty Offer,1,283.92
CUST0592,12-03-2023,18-06-2024,East,Beauty,1,01-04-2025,Discount Email,0,8.91
CUST0593,13-08-2022,17-04-2025,West,Books,1,01-04-2025,SMS Reminder,1,428.77
CUST0594,30-06-2022,03-04-2025,South,Books,1,01-04-2025,Loyalty Offer,1,133.16
CUST0595,15-06-2023,02-05-2025,North,Books,1,01-04-2025,SMS Reminder,1,266.21
CUST0596,21-04-2023,27-04-2025,West,Beauty,1,01-04-2025,Discount Email,1,223.62
CUST0597,21-02-2022,01-08-2022,West,Electronics,0,,,0,27.83
CUST0598,25-07-2023,21-04-2025,North,Home,1,01-04-2025,App Notification,1,65.34
CUST0599,13-09-2022,15-01-2024,West,Home,0,,,0,267.08
CUST0600,05-05-2022,04-05-2025,East,Books,1,01-04-2025,Loyalty Offer,1,435.13
CUST0601,13-04-2023,13-05-2025,West,Apparel,1,01-04-2025,SMS Reminder,1,118.13
CUST0602,17-05-2022,21-04-2025,West,Beauty,1,01-04-2025,Discount Email,1,465.56
CUST0603,21-04-2023,01-11-2023,East,Apparel,0,,,0,181.29
CUST0604,15-11-2023,09-05-2025,North,Electronics,1,01-04-2025,App Notification,1,206.64
CUST0605,28-06-2023,16-04-2025,West,Beauty,1,01-04-2025,Discount Email,1,93.44
CUST0606,27-07-2023,21-05-2025,North,Apparel,1,01-04-2025,Loyalty Offer,1,413.85
CUST0607,02-09-2023,28-04-2025,East,Electronics,1,01-04-2025,Discount Email,1,465.07
CUST0608,21-11-2022,30-04-2025,South,Home,1,01-04-2025,Discount Email,1,393.51
CUST0609,30-03-2023,10-04-2025,South,Home,1,01-04-2025,Loyalty Offer,1,494.99
CUST0610,20-09-2023,16-04-2025,West,Books,1,01-04-2025,Loyalty Offer,1,140.54
CUST0611,01-06-2023,24-12-2023,North,Electronics,0,,,0,44.09
CUST0612,13-03-2023,28-03-2023,North,Home,1,01-04-2025,App Notification,0,8.6
CUST0613,16-07-2023,30-05-2025,South,Apparel,1,01-04-2025,App Notification,1,377.73
CUST0614,02-04-2023,24-04-2025,North,Beauty,1,01-04-2025,Loyalty Offer,1,210.42
CUST0615,12-06-2022,06-04-2025,East,Electronics,1,01-04-2025,Loyalty Offer,1,306.12
CUST0616,02-05-2023,10-05-2025,South,Home,1,01-04-2025,Discount Email,1,293.24
CUST0617,06-04-2023,29-12-2023,East,Electronics,0,,,0,129.32
CUST0618,23-09-2022,13-03-2023,North,Books,0,,,0,291.07
CUST0619,11-09-2022,15-02-2024,North,Books,1,01-04-2025,Discount Email,0,8.12
CUST0620,15-10-2023,20-07-2024,East,Beauty,1,01-04-2025,Discount Email,0,11.53
CUST0621,11-10-2022,20-05-2025,East,Electronics,1,01-04-2025,Loyalty Offer,1,76.73
CUST0622,18-06-2023,08-05-2025,East,Electronics,1,01-04-2025,Discount Email,1,456.95
CUST0623,12-05-2023,12-08-2023,West,Apparel,0,,,0,268.51
CUST0624,04-10-2023,04-04-2025,East,Beauty,1,01-04-2025,Loyalty Offer,1,273.47
CUST0625,02-09-2022,28-05-2025,North,Electronics,1,01-04-2025,Discount Email,1,487.16
CUST0626,09-10-2022,18-04-2024,North,Books,1,01-04-2025,App Notification,0,11.08
CUST0627,27-03-2023,26-04-2025,West,Books,1,01-04-2025,App Notification,1,362.95
CUST0628,21-03-2022,29-05-2025,East,Apparel,1,01-04-2025,SMS Reminder,1,327.04
CUST0629,20-10-2022,30-06-2023,South,Beauty,1,01-04-2025,Discount Email,0,7.32
CUST0630,29-08-2022,10-03-2024,South,Electronics,1,01-04-2025,Discount Email,0,10.68
CUST0631,06-10-2022,13-04-2025,East,Books,1,01-04-2025,SMS Reminder,1,177.17
CUST0632,10-12-2022,20-04-2025,West,Electronics,1,01-04-2025,App Notification,1,108.37
CUST0633,24-11-2022,06-05-2025,South,Beauty,1,01-04-2025,SMS Reminder,1,142.64
CUST0634,08-07-2023,01-02-2025,East,Home,1,01-04-2025,Loyalty Offer,0,7.93
CUST0635,24-03-2022,05-04-2025,West,Home,1,01-04-2025,App Notification,1,205.99
CUST0636,22-05-2022,16-11-2023,North,Home,1,01-04-2025,Loyalty Offer,0,7.31
CUST0637,04-06-2022,04-04-2025,West,Electronics,1,01-04-2025,App Notification,1,490.06
CUST0638,25-08-2022,07-06-2023,East,Electronics,1,01-04-2025,App Notification,0,7.78
CUST0639,28-01-2023,06-03-2024,West,Beauty,1,01-04-2025,App Notification,0,9.95
CUST0640,06-06-2022,13-04-2025,East,Electronics,1,01-04-2025,Discount Email,1,346.97
CUST0641,08-08-2022,03-04-2025,East,Books,1,01-04-2025,SMS Reminder,1,459.52
CUST0642,07-03-2022,18-05-2025,West,Electronics,1,01-04-2025,App Notification,1,423.16
CUST0643,01-03-2023,27-09-2024,East,Books,0,,,0,128.67
CUST0644,22-02-2023,08-05-2025,South,Beauty,1,01-04-2025,SMS Reminder,1,396.06
CUST0645,05-12-2022,15-08-2023,East,Home,1,01-04-2025,Discount Email,0,6.32
CUST0646,10-07-2023,06-05-2025,North,Books,1,01-04-2025,App Notification,1,183.12
CUST0647,23-04-2023,18-04-2025,North,Home,1,01-04-2025,Discount Email,1,402.09
CUST0648,02-03-2023,18-04-2025,West,Electronics,1,01-04-2025,App Notification,1,431.42
CUST0649,05-03-2022,24-04-2025,West,Electronics,1,01-04-2025,Loyalty Offer,1,266.09
CUST0650,31-07-2022,29-05-2025,North,Beauty,1,01-04-2025,SMS Reminder,1,324.65
CUST0651,07-03-2023,19-04-2025,South,Apparel,1,01-04-2025,App Notification,1,166.79
CUST0652,03-02-2023,11-05-2025,North,Electronics,1,01-04-2025,Loyalty Offer,1,345.19
CUST0653,22-08-2023,30-04-2025,South,Electronics,1,01-04-2025,Discount Email,1,310.95
CUST0654,21-01-2022,23-10-2022,North,Home,0,,,0,293.08
CUST0655,13-08-2023,17-04-2025,West,Electronics,1,01-04-2025,Discount Email,1,207.38
CUST0656,25-01-2023,22-04-2025,North,Beauty,1,01-04-2025,App Notification,1,306.66
CUST0657,04-05-2023,07-10-2023,East,Home,0,,,0,26.91
CUST0658,07-01-2022,04-02-2023,East,Books,0,,,0,151.79
CUST0659,27-12-2022,20-04-2025,North,Books,1,01-04-2025,Discount Email,1,468.64
CUST0660,02-11-2022,17-05-2025,South,Beauty,1,01-04-2025,SMS Reminder,1,401.39
CUST0661,04-02-2023,19-03-2023,South,Beauty,0,,,0,203.98
CUST0662,06-03-2023,06-04-2025,West,Books,1,01-04-2025,Loyalty Offer,1,481.38
CUST0663,06-07-2023,06-01-2025,West,Home,1,01-04-2025,App Notification,0,12.98
CUST0664,14-07-2023,19-05-2024,South,Home,1,01-04-2025,SMS Reminder,0,14.11
CUST0665,10-09-2023,09-04-2025,West,Home,1,01-04-2025,App Notification,1,361.88
CUST0666,14-08-2022,06-04-2025,South,Beauty,1,01-04-2025,App Notification,1,461.59
CUST0667,15-05-2023,24-05-2025,South,Beauty,1,01-04-2025,Loyalty Offer,1,422.05
CUST0668,13-08-2022,10-05-2025,East,Home,1,01-04-2025,SMS Reminder,1,167.13
CUST0669,07-10-2022,04-05-2025,South,Apparel,1,01-04-2025,App Notification,1,492.46
CUST0670,23-03-2023,17-04-2023,West,Home,0,,,0,66.7
CUST0671,13-05-2023,02-05-2025,North,Beauty,1,01-04-2025,Loyalty Offer,1,384.28
CUST0672,30-01-2022,06-04-2025,West,Home,1,01-04-2025,App Notification,1,109.57
CUST0673,03-02-2023,17-04-2025,East,Home,1,01-04-2025,Discount Email,1,370.39
CUST0674,11-12-2022,18-05-2025,West,Beauty,1,01-04-2025,SMS Reminder,1,70.36
CUST0675,16-11-2023,29-04-2025,South,Apparel,1,01-04-2025,App Notification,1,180.18
CUST0676,27-11-2023,24-05-2025,South,Electronics,1,01-04-2025,Discount Email,1,471.48
CUST0677,19-02-2023,13-05-2025,West,Apparel,1,01-04-2025,SMS Reminder,1,254.09
CUST0678,19-06-2022,21-05-2025,West,Home,1,01-04-2025,SMS Reminder,1,93.6
CUST0679,24-04-2023,05-05-2025,East,Home,1,01-04-2025,App Notification,1,310.92
CUST0680,11-05-2022,11-04-2025,West,Books,1,01-04-2025,Loyalty Offer,1,68.87
CUST0681,30-09-2023,26-08-2024,South,Electronics,1,01-04-2025,SMS Reminder,0,5.99
CUST0682,01-07-2023,16-04-2025,East,Books,1,01-04-2025,SMS Reminder,1,448.41
CUST0683,28-01-2022,19-11-2022,South,Electronics,1,01-04-2025,Loyalty Offer,0,6.41
CUST0684,08-02-2023,29-05-2025,North,Beauty,1,01-04-2025,Loyalty Offer,1,292.92
CUST0685,30-08-2023,05-10-2023,East,Books,0,,,0,123.47
CUST0686,01-08-2023,10-04-2025,North,Electronics,1,01-04-2025,SMS Reminder,1,423.97
CUST0687,10-11-2023,18-04-2025,East,Electronics,1,01-04-2025,Loyalty Offer,1,89.09
CUST0688,28-01-2022,28-04-2022,South,Electronics,0,,,0,228.4
CUST0689,27-03-2022,19-04-2025,East,Electronics,1,01-04-2025,Discount Email,1,254.06
CUST0690,21-10-2023,26-03-2025,North,Apparel,1,01-04-2025,Discount Email,0,6.9
CUST0691,15-03-2023,16-04-2025,West,Apparel,1,01-04-2025,SMS Reminder,1,353.01
CUST0692,19-05-2022,03-05-2025,North,Books,1,01-04-2025,Loyalty Offer,1,177.17
CUST0693,18-04-2023,03-12-2023,North,Beauty,0,,,0,20.9
CUST0694,06-07-2022,13-04-2025,West,Books,1,01-04-2025,SMS Reminder,1,67.47
CUST0695,21-02-2022,05-05-2025,East,Apparel,1,01-04-2025,Loyalty Offer,1,345.62
CUST0696,24-09-2022,12-02-2024,West,Books,0,,,0,157.26
CUST0697,24-01-2023,08-04-2025,West,Beauty,1,01-04-2025,SMS Reminder,1,148.52
CUST0698,02-12-2022,09-04-2025,North,Home,1,01-04-2025,SMS Reminder,1,129.29
CUST0699,05-08-2022,21-05-2025,West,Apparel,1,01-04-2025,App Notification,1,446.98
CUST0700,11-04-2023,15-04-2025,North,Books,1,01-04-2025,App Notification,1,450.41
CUST0701,01-12-2022,22-04-2025,West,Beauty,1,01-04-2025,App Notification,1,235.05
CUST0702,12-12-2022,03-05-2025,North,Home,1,01-04-2025,SMS Reminder,1,377.68
CUST0703,24-01-2023,28-05-2025,North,Books,1,01-04-2025,Loyalty Offer,1,124.94
CUST0704,12-10-2022,06-05-2025,West,Electronics,1,01-04-2025,Discount Email,1,58.96
CUST0705,08-03-2023,24-04-2025,North,Books,1,01-04-2025,Discount Email,1,395.08
CUST0706,16-09-2022,12-04-2025,South,Home,1,01-04-2025,App Notification,1,427.17
CUST0707,25-03-2022,21-04-2023,South,Books,0,,,0,112.82
CUST0708,27-04-2023,12-06-2023,West,Beauty,1,01-04-2025,Discount Email,0,13.45
CUST0709,20-01-2022,03-04-2025,North,Home,1,01-04-2025,Loyalty Offer,1,153.5
CUST0710,07-07-2023,06-08-2024,East,Electronics,1,01-04-2025,Loyalty Offer,0,11.55
CUST0711,23-02-2022,17-05-2025,North,Electronics,1,01-04-2025,App Notification,1,393.07
CUST0712,25-12-2022,30-05-2025,South,Books,1,01-04-2025,App Notification,1,118.33
CUST0713,18-08-2022,25-07-2023,North,Home,0,,,0,139.04
CUST0714,28-10-2023,18-04-2025,West,Home,1,01-04-2025,App Notification,1,486.17
CUST0715,12-03-2022,28-04-2025,East,Books,1,01-04-2025,App Notification,1,302.45
CUST0716,30-10-2023,03-05-2025,North,Beauty,1,01-04-2025,SMS Reminder,1,377.4
CUST0717,11-02-2022,03-04-2023,East,Beauty,1,01-04-2025,App Notification,0,12.71
CUST0718,01-02-2022,23-04-2025,North,Books,1,01-04-2025,Discount Email,1,114.7
CUST0719,11-09-2022,04-02-2024,South,Beauty,1,01-04-2025,Discount Email,0,10.93
CUST0720,24-07-2022,18-05-2025,North,Beauty,1,01-04-2025,Loyalty Offer,1,427.84
CUST0721,21-01-2022,23-04-2025,East,Books,1,01-04-2025,Discount Email,1,425.45
CUST0722,29-09-2023,09-07-2024,West,Home,1,01-04-2025,App Notification,0,11.9
CUST0723,06-06-2022,12-02-2023,West,Books,0,,,0,110.11
CUST0724,02-09-2022,18-05-2025,West,Electronics,1,01-04-2025,Discount Email,1,86.65
CUST0725,10-05-2022,12-04-2025,South,Apparel,1,01-04-2025,Discount Email,1,283.97
CUST0726,30-04-2023,18-06-2023,South,Books,1,01-04-2025,App Notification,0,13.86
CUST0727,17-11-2023,07-05-2025,East,Electronics,1,01-04-2025,Discount Email,1,238.17
CUST0728,28-04-2022,31-05-2025,East,Books,1,01-04-2025,SMS Reminder,1,446.1
CUST0729,01-08-2023,10-03-2025,South,Home,0,,,0,202.06
CUST0730,12-08-2022,11-05-2025,East,Beauty,1,01-04-2025,SMS Reminder,1,478.4
CUST0731,22-04-2023,17-09-2023,North,Home,1,01-04-2025,App Notification,0,6.64
CUST0732,20-09-2022,06-04-2025,East,Apparel,1,01-04-2025,Discount Email,1,496.99
CUST0733,13-01-2023,01-05-2025,West,Books,1,01-04-2025,Discount Email,1,198.97
CUST0734,21-06-2022,07-05-2025,North,Apparel,1,01-04-2025,SMS Reminder,1,447.5
CUST0735,13-09-2023,02-12-2024,East,Books,1,01-04-2025,SMS Reminder,0,10.84
CUST0736,14-09-2023,23-03-2025,North,Books,1,01-04-2025,Loyalty Offer,0,11.42
CUST0737,28-04-2022,19-04-2025,South,Books,1,01-04-2025,Discount Email,1,130.25
CUST0738,17-06-2022,23-04-2025,West,Apparel,1,01-04-2025,SMS Reminder,1,309.05
CUST0739,15-11-2022,15-04-2025,South,Apparel,1,01-04-2025,Loyalty Offer,1,91.1
CUST0740,21-04-2022,06-04-2025,South,Books,1,01-04-2025,Discount Email,1,453.18
CUST0741,16-08-2023,03-11-2024,East,Home,0,,,0,206.16
CUST0742,27-01-2022,07-05-2025,West,Home,1,01-04-2025,App Notification,1,226.96
CUST0743,16-11-2022,05-05-2025,South,Home,1,01-04-2025,Loyalty Offer,1,85.19
CUST0744,13-08-2023,18-03-2025,North,Books,1,01-04-2025,SMS Reminder,0,9.42
CUST0745,25-11-2023,25-11-2024,East,Beauty,0,,,0,69.84
CUST0746,20-01-2023,29-04-2025,West,Home,1,01-04-2025,Loyalty Offer,1,146.2
CUST0747,11-02-2023,02-04-2025,South,Electronics,1,01-04-2025,SMS Reminder,1,138.13
CUST0748,23-07-2022,30-05-2025,North,Books,1,01-04-2025,SMS Reminder,1,215.99
CUST0749,19-03-2022,13-05-2025,East,Home,1,01-04-2025,Discount Email,1,265.43
CUST0750,30-08-2023,10-10-2023,West,Beauty,1,01-04-2025,App Notification,0,13.63
CUST0751,05-10-2023,13-05-2025,North,Home,1,01-04-2025,Discount Email,1,387.76
CUST0752,06-09-2022,19-02-2023,South,Electronics,1,01-04-2025,Loyalty Offer,0,12.06
CUST0753,15-04-2022,21-06-2022,East,Electronics,1,01-04-2025,Discount Email,0,9.43
CUST0754,05-11-2022,26-08-2023,South,Books,0,,,0,295.35
CUST0755,02-12-2023,15-05-2025,South,Books,1,01-04-2025,SMS Reminder,1,431.7
CUST0756,07-09-2023,02-04-2025,West,Electronics,1,01-04-2025,App Notification,1,473.25
CUST0757,04-05-2022,09-10-2023,North,Apparel,1,01-04-2025,SMS Reminder,0,6.48
CUST0758,03-08-2023,14-04-2025,South,Electronics,1,01-04-2025,App Notification,1,359.92
CUST0759,12-02-2022,09-04-2025,West,Electronics,1,01-04-2025,Discount Email,1,203.65
CUST0760,22-12-2022,18-05-2025,North,Apparel,1,01-04-2025,SMS Reminder,1,88.89
CUST0761,30-06-2023,25-04-2025,East,Apparel,1,01-04-2025,Loyalty Offer,1,257.16
CUST0762,15-03-2023,21-04-2025,South,Home,1,01-04-2025,SMS Reminder,1,74
CUST0763,09-11-2023,16-04-2025,South,Apparel,1,01-04-2025,SMS Reminder,1,425.87
CUST0764,15-01-2023,17-10-2023,East,Electronics,0,,,0,215.32
CUST0765,12-03-2022,24-04-2025,South,Electronics,1,01-04-2025,App Notification,1,397.57
CUST0766,03-06-2023,11-07-2024,South,Beauty,0,,,0,63.6
CUST0767,26-10-2023,26-08-2024,North,Books,1,01-04-2025,SMS Reminder,0,7.07
CUST0768,16-12-2022,01-05-2025,South,Beauty,1,01-04-2025,Discount Email,1,167.38
CUST0769,13-01-2022,25-04-2025,East,Electronics,1,01-04-2025,Discount Email,1,303.7
CUST0770,07-03-2023,25-03-2023,East,Home,1,01-04-2025,App Notification,0,6.59
CUST0771,17-05-2023,30-05-2025,West,Books,1,01-04-2025,Loyalty Offer,1,211.1
CUST0772,19-04-2022,23-05-2025,West,Beauty,1,01-04-2025,App Notification,1,327.48
CUST0773,20-03-2023,13-12-2023,East,Beauty,0,,,0,222.54
CUST0774,06-01-2023,31-05-2025,West,Beauty,1,01-04-2025,Discount Email,1,444.84
CUST0775,13-10-2023,06-12-2024,South,Home,1,01-04-2025,Loyalty Offer,0,10.93
CUST0776,16-04-2023,13-10-2024,South,Apparel,0,,,0,75.57
CUST0777,06-06-2022,05-04-2025,South,Home,1,01-04-2025,SMS Reminder,1,486.65
CUST0778,22-03-2023,02-04-2025,South,Home,1,01-04-2025,Loyalty Offer,1,346.37
CUST0779,30-06-2022,26-05-2025,South,Apparel,1,01-04-2025,Discount Email,1,141.49
CUST0780,19-06-2023,16-07-2024,East,Electronics,1,01-04-2025,Loyalty Offer,0,5.05
CUST0781,29-10-2023,16-05-2025,West,Beauty,1,01-04-2025,App Notification,1,145.62
CUST0782,04-10-2022,08-04-2025,South,Beauty,1,01-04-2025,SMS Reminder,1,224.41
CUST0783,23-09-2023,10-12-2024,East,Beauty,1,01-04-2025,Discount Email,0,10.97
CUST0784,06-07-2023,12-08-2023,South,Home,1,01-04-2025,Loyalty Offer,0,7.22
CUST0785,11-05-2023,02-04-2025,North,Apparel,1,01-04-2025,App Notification,1,324.75
CUST0786,22-04-2023,15-04-2025,East,Beauty,1,01-04-2025,Discount Email,1,185.87
CUST0787,23-03-2023,20-04-2025,North,Home,1,01-04-2025,App Notification,1,189.99
CUST0788,30-08-2023,13-11-2024,West,Books,0,,,0,70.27
CUST0789,02-10-2022,31-01-2024,East,Electronics,0,,,0,245.74
CUST0790,27-11-2022,23-05-2025,South,Books,1,01-04-2025,SMS Reminder,1,55.5
CUST0791,09-09-2022,02-04-2025,West,Electronics,1,01-04-2025,App Notification,1,268.76
CUST0792,30-03-2022,12-05-2025,East,Beauty,1,01-04-2025,App Notification,1,102.18
CUST0793,13-10-2022,31-10-2023,West,Books,1,01-04-2025,Loyalty Offer,0,6.12
CUST0794,07-04-2023,07-07-2023,East,Apparel,1,01-04-2025,SMS Reminder,0,6.5
CUST0795,07-09-2022,27-05-2025,West,Home,1,01-04-2025,Discount Email,1,254.75
CUST0796,21-04-2023,14-08-2024,East,Beauty,1,01-04-2025,SMS Reminder,0,8.67
CUST0797,07-08-2023,24-05-2025,South,Home,1,01-04-2025,SMS Reminder,1,60.59
CUST0798,17-09-2023,22-04-2025,North,Home,1,01-04-2025,Discount Email,1,183.96
CUST0799,16-11-2023,27-04-2025,North,Apparel,1,01-04-2025,Discount Email,1,161.88
CUST0800,24-01-2023,29-04-2025,West,Books,1,01-04-2025,SMS Reminder,1,451.72
